-- phpMyAdmin SQL Dump
-- version 4.8.5
-- https://www.phpmyadmin.net/
--
-- Host: 127.0.0.1
-- Generation Time: Jul 01, 2019 at 12:25 PM
-- Server version: 10.1.38-MariaDB
-- PHP Version: 7.3.2

SET SQL_MODE = "NO_AUTO_VALUE_ON_ZERO";
SET AUTOCOMMIT = 0;
START TRANSACTION;
SET time_zone = "+00:00";


/*!40101 SET @OLD_CHARACTER_SET_CLIENT=@@CHARACTER_SET_CLIENT */;
/*!40101 SET @OLD_CHARACTER_SET_RESULTS=@@CHARACTER_SET_RESULTS */;
/*!40101 SET @OLD_COLLATION_CONNECTION=@@COLLATION_CONNECTION */;
/*!40101 SET NAMES utf8mb4 */;

--
-- Database: `db_smart_bbg`
--

-- --------------------------------------------------------

--
-- Table structure for table `tbl_badan_usaha`
--

CREATE TABLE `tbl_badan_usaha` (
  `no_app` varchar(100) NOT NULL,
  `nm_pemohon` varchar(50) NOT NULL,
  `no_akta_pendiri` varchar(50) NOT NULL,
  `tgl_akta_pendiri` date NOT NULL,
  `no_akta_akhir` varchar(50) NOT NULL,
  `tgl_akta_akhir` date NOT NULL,
  `npwp_nsbh` int(20) NOT NULL,
  `contact_person` varchar(50) NOT NULL,
  `jabatan` varchar(20) NOT NULL,
  `almt_akta` text NOT NULL,
  `almt_kantor` text NOT NULL
) ENGINE=InnoDB DEFAULT CHARSET=latin1;

--
-- Dumping data for table `tbl_badan_usaha`
--

INSERT INTO `tbl_badan_usaha` (`no_app`, `nm_pemohon`, `no_akta_pendiri`, `tgl_akta_pendiri`, `no_akta_akhir`, `tgl_akta_akhir`, `npwp_nsbh`, `contact_person`, `jabatan`, `almt_akta`, `almt_kantor`) VALUES
('1905271321825217', 'PT Bumi Rahayu Gasindo', '3', '2009-04-03', '3', '2009-04-03', 2147483647, 'Ir Sri Budhadjo', 'Direktur Utama', 'Kab Cirebon', 'Jl Sunan Gunung Jati Blok II RT01RW08 Desa Kertasura Kec Kapetakan Kab Cirebon');

-- --------------------------------------------------------

--
-- Table structure for table `tbl_cabang`
--

CREATE TABLE `tbl_cabang` (
  `id` int(11) NOT NULL,
  `kd_cabang` varchar(15) NOT NULL,
  `nm_cabang` varchar(225) NOT NULL
) ENGINE=InnoDB DEFAULT CHARSET=latin1;

--
-- Dumping data for table `tbl_cabang`
--

INSERT INTO `tbl_cabang` (`id`, `kd_cabang`, `nm_cabang`) VALUES
(1, 'ID0010008a', 'AREA MEDAN AHMAD YANI'),
(2, 'ID0010008', 'KC MEDAN'),
(3, 'ID0010089', 'KC MEDAN AKSARA'),
(4, 'ID0010088', 'KC MEDAN KAMPUNG BARU'),
(5, 'ID0010361', 'KC LUBUK PAKAM'),
(6, 'ID0010544', 'KCP MEDAN MUCHTAR BASRI'),
(7, 'ID0010267', 'KCP MEDAN BELAWAN'),
(8, 'ID0010507', 'KCP MEDAN SUKARAMAI'),
(9, 'ID0010545', 'KCP MEDAN PADANG BULAN'),
(10, 'ID0010270', 'KCP MEDAN PULO BRAYAN'),
(11, 'ID0010266', 'KCP MEDAN KRAKATAU'),
(12, 'ID0010214', 'KCP MEDAN SIMPANG LIMUN'),
(13, 'ID0010613', 'KCP PERBAUNGAN'),
(14, 'ID0010268', 'KCP MEDAN TOMANG ELOK'),
(15, 'ID0010486', 'KCP MEDAN MARELAN RAYA'),
(16, 'ID0010011a', 'AREA ACEH'),
(17, 'ID0010011', 'KC ACEH'),
(18, 'ID0010365', 'KC LHOKSEUMAWE'),
(19, 'ID0010111', 'KC MEULABOH'),
(20, 'ID0010215', 'KCP SIGLI'),
(21, 'ID0010216', 'KCP ACEH DARUSSALAM'),
(22, 'ID0010217', 'KCP JANTHO'),
(23, 'ID0010277', 'KCP CALANG'),
(24, 'ID0010278', 'KCP MEUREUDU'),
(25, 'ID0010495', 'KCP ACEH ULEE KARENG'),
(26, 'ID0010561', 'KCP SABANG'),
(27, 'ID0010210', 'KCP BIREUEN'),
(28, 'ID0010652', 'KCP TAKENGON'),
(29, 'ID0010677', 'KFO POS BANDA ACEH'),
(30, 'ID0010620', 'KK BEUREUNEUN'),
(31, 'ID0010022a', 'AREA PEKANBARU'),
(32, 'ID0010022', 'KC PEKANBARU'),
(33, 'ID0010044', 'KC DUMAI'),
(34, 'ID0010147', 'KC PEKANBARU HARAPAN RAYA'),
(35, 'ID0010193', 'KC DURI'),
(36, 'ID0010148', 'KCP PEKANBARU PANAM'),
(37, 'ID0010293', 'KCP UJUNG BATU'),
(38, 'ID0010294', 'KCP PEKANBARU NANGKA'),
(39, 'ID0010504', 'KCP BANGKINANG'),
(40, 'ID0010484', 'KCP TELUK KUANTAN'),
(41, 'ID0010446', 'KCP PEKANBARU SUDIRMAN'),
(42, 'ID0010667', 'KCP SIAK'),
(43, 'ID0010194', 'KCP BAGAN BATU'),
(44, 'ID0010227', 'KCP BENGKALIS'),
(45, 'ID0010423', 'KCP DUMAI SUKAJADI'),
(46, 'ID0010549', 'KCP BAGAN SIAPIAPI'),
(47, 'ID0010149', 'KCP PANGKALAN KERINCI'),
(48, 'ID0010150', 'KCP TEMBILAHAN'),
(49, 'ID0010550', 'KCP RENGAT'),
(50, 'ID0010546', 'KCP SELAT PANJANG'),
(51, 'ID0010477', 'KCP UJUNG TANJUNG'),
(52, 'ID0010508', 'KCP FLAMBOYAN'),
(53, 'ID0010838', 'KFO MITRA MANDIRI PEKANBARU AHMAD YANI'),
(54, 'ID0010402', 'KK PEKANBARU RUMBAI'),
(55, 'ID0010618', 'KK PASIR PANGARAIAN'),
(56, 'ID0010722', 'KK PEKANBARU UIR'),
(57, 'ID0010756', 'KK DURI CPI'),
(58, 'ID0010353a', 'AREA MEDAN GAJAH MADA'),
(59, 'ID0010353', 'KC MEDAN GAJAH MADA'),
(60, 'ID0010025', 'KC SIMEULUE'),
(61, 'ID0010047', 'KC BINJAI'),
(62, 'ID0010055', 'KC LANGSA'),
(63, 'ID0010090', 'KCP MEDAN SETIA BUDI'),
(64, 'ID0010213', 'KCP MEDAN PETISAH'),
(65, 'ID0010269', 'KCP MEDAN ISKANDAR MUDA'),
(66, 'ID0010616', 'KCP MEDAN RINGROAD'),
(67, 'ID0010154', 'KCP BLANGPIDIE'),
(68, 'ID0010218', 'KCP SUBULUSSALAM'),
(69, 'ID0010219', 'KCP RIMO'),
(70, 'ID0010158', 'KCP STABAT'),
(71, 'ID0010159', 'KCP PANGKALAN BRANDAN'),
(72, 'ID0010346', 'KCP KUALA SIMPANG'),
(73, 'ID0010678', 'KFO POS LANGSA'),
(74, 'ID0010908', 'KFO MANDIRI IMAM BONJOL'),
(75, 'ID0010700', 'KK MEDAN PANCA BUDI'),
(76, 'ID0010407', 'KK TAPAK TUAN'),
(77, 'ID0010049a', 'AREA PEMATANGSIANTAR'),
(78, 'ID0010049', 'KC PEMATANGSIANTAR'),
(79, 'ID0010030', 'KC RANTAU PRAPAT'),
(80, 'ID0010043', 'KC PADANGSIDEMPUAN'),
(81, 'ID0010356', 'KC SIBOLGA'),
(82, 'ID0010539', 'KC KABANJAHE'),
(83, 'ID0010205', 'KCP SIMALUNGUN PERDAGANGAN'),
(84, 'ID0010204', 'KCP KISARAN'),
(85, 'ID0010206', 'KCP TANJUNG BALAI'),
(86, 'ID0010087', 'KCP TEBING TINGGI'),
(87, 'ID0010333', 'KCP INDRAPURA'),
(88, 'ID0010223', 'KCP KOTA PINANG'),
(89, 'ID0010306', 'KCP AEK KANOPAN'),
(90, 'ID0010481', 'KCP KAMPUNG PAJAK'),
(91, 'ID0010191', 'KCP PANYABUNGAN'),
(92, 'ID0010192', 'KCP SIBUHUAN'),
(93, 'ID0010327', 'KCP GUNUNG TUA'),
(94, 'ID0010328', 'KCP SIPIROK'),
(95, 'ID0010442', 'KCP BATANG TORU'),
(96, 'ID0010870', 'KFO MIKRO PANDAN KOTA'),
(97, 'ID0010034a', 'AREA BATAM'),
(98, 'ID0010034', 'KC BATAM'),
(99, 'ID0010059', 'KC TANJUNG PINANG'),
(100, 'ID0010172', 'KCP TANJUNG BALAI KARIMUN'),
(101, 'ID0010224', 'KCP BATAMINDO'),
(102, 'ID0010312', 'KCP BATAM BATU AJI'),
(103, 'ID0010313', 'KCP BATAM CENTER'),
(104, 'ID0010417', 'KCP BATAM BENGKONG'),
(105, 'ID0010672', 'KCP BATAM BOTANIA GARDEN'),
(106, 'ID0010228', 'KCP TANJUNG UBAN'),
(107, 'ID0010342', 'KCP NATUNA'),
(108, 'ID0010475', 'KCP BINTAN CENTER'),
(109, 'ID0010568', 'KCP ANAMBAS'),
(110, 'ID0010725', 'KFO POS BATAM'),
(111, 'ID0010418', 'KK BATAM SEKUPANG'),
(112, 'ID0010718', 'KK JEMAJA'),
(113, 'ID0010019a', 'AREA PALEMBANG'),
(114, 'ID0010019', 'KC PALEMBANG'),
(115, 'ID0010139', 'KC PALEMBANG PASAR 16 ILIR'),
(116, 'ID0010140', 'KC PALEMBANG SIMPANG PATAL'),
(117, 'ID0010137', 'KC PRABUMULIH'),
(118, 'ID0010138', 'KC BATURAJA'),
(119, 'ID0010063', 'KC PANGKAL PINANG'),
(120, 'ID0010141', 'KCP LUBUK LINGGAU'),
(121, 'ID0010239', 'KCP PALEMBANG RADIAL'),
(122, 'ID0010240', 'KCP PALEMBANG KM 6'),
(123, 'ID0010290', 'KCP KAYU AGUNG'),
(124, 'ID0010291', 'KCP SUNGAI LILIN'),
(125, 'ID0010585', 'KCP PALEMBANG JAKABARING'),
(126, 'ID0010443', 'KCP PALEMBANG VETERAN'),
(127, 'ID0010335', 'KCP LAHAT'),
(128, 'ID0010559', 'KCP TANJUNG ENIM'),
(129, 'ID0010352', 'KCP TANJUNG PANDAN'),
(130, 'ID0010638', 'KCP SUNGAI LIAT'),
(131, 'ID0010027a', 'AREA PADANG'),
(132, 'ID0010027', 'KC PADANG'),
(133, 'ID0010039', 'KC BUKITTINGGI'),
(134, 'ID0010186', 'KC PAYAKUMBUH'),
(135, 'ID0010157', 'KCP SOLOK'),
(136, 'ID0010220', 'KCP PADANG ULAK KARANG'),
(137, 'ID0010221', 'KCP PADANG BANDAR BUAT'),
(138, 'ID0010222', 'KCP PADANG PARIAMAN'),
(139, 'ID0010300', 'KCP PULAU PUNJUNG'),
(140, 'ID0010496', 'KCP PAINAN'),
(141, 'ID0010225', 'KCP PADANG PANJANG'),
(142, 'ID0010226', 'KCP PASAMAN BARAT'),
(143, 'ID0010320', 'KCP LUBUK BASUNG'),
(144, 'ID0010465', 'KCP LUBUK SIKAPING'),
(145, 'ID0010538', 'KCP BUKITTINGGI PASAR AUR'),
(146, 'ID0010615', 'KCP SAWAHLUNTO'),
(147, 'ID0010385', 'KCP BATUSANGKAR'),
(148, 'ID0010640', 'KCP PANGKALAN'),
(149, 'ID0010400', 'KK PADANG UNIVERSITAS ANDALAS'),
(150, 'ID0010592', 'KK UNIVERSITAS NEGERI PADANG'),
(151, 'ID0010581', 'KK PADANG UPI YPTK'),
(152, 'ID0010032a', 'AREA JAMBI'),
(153, 'ID0010032', 'KC JAMBI'),
(154, 'ID0010056', 'KC BENGKULU'),
(155, 'ID0010167', 'KCP MUARA BUNGO'),
(156, 'ID0010168', 'KCP JAMBI SIPIN'),
(157, 'ID0010310', 'KCP SAROLANGUN'),
(158, 'ID0010437', 'KCP JAMBI JELUTUNG'),
(159, 'ID0010527', 'KCP KUALA TUNGKAL'),
(160, 'ID0010645', 'KCP MUARA BULIAN'),
(161, 'ID0010341', 'KCP BELITANG'),
(162, 'ID0010209', 'KCP CURUP'),
(163, 'ID0010649', 'KCP KETAHUN'),
(164, 'ID0010841', 'KFO GADAI JAMBI'),
(165, 'ID0010872', 'KFO MIKRO MERLUNG'),
(166, 'ID0010873', 'KFO MIKRO SUNGAI BAHAR'),
(167, 'ID0010602', 'KK JAMBI IAIN STS'),
(168, 'ID0010037a', 'AREA BANDAR LAMPUNG'),
(169, 'ID0010037', 'KC BANDAR LAMPUNG'),
(170, 'ID0010180', 'KC BANDAR JAYA'),
(171, 'ID0010181', 'KC METRO'),
(172, 'ID0010182', 'KCP PRINGSEWU'),
(173, 'ID0010183', 'KCP BANDAR LAMPUNG KEDATON'),
(174, 'ID0010489', 'KCP KALIANDA'),
(175, 'ID0010411', 'KCP BANDAR LAMPUNG TELUK BETUNG'),
(176, 'ID0010490', 'KCP KOTABUMI'),
(177, 'ID0010643', 'KCP LIWA'),
(178, 'ID0010316', 'KCP UNIT 2 TULANG BAWANG'),
(179, 'ID0010837', 'KFO MITRA MANDIRI BANDAR LAMPUNG WR. SUPRATMAN '),
(180, 'ID0010871', 'KFO MIKRO SRIBHAWONO'),
(181, 'ID0010627', 'KK KALIREJO'),
(182, 'ID0010633', 'KK SRIBHAWONO'),
(183, 'ID0010003a', 'AREA JAKARTA HASANUDIN'),
(184, 'ID0010003', 'KC JAKARTA HASANUDIN'),
(185, 'ID0010005', 'KC JAKARTA WARUNG BUNCIT'),
(186, 'ID0010006', 'KC JAKARTA PONDOK INDAH'),
(187, 'ID0010069', 'KC JAKARTA CIPULIR'),
(188, 'ID0010379', 'KC JAKARTA SUDIRMAN'),
(189, 'ID0010068', 'KCP JAKARTA WOLTERMONGINSIDI'),
(190, 'ID0010229', 'KCP JAKARTA PANGLIMA POLIM'),
(191, 'ID0010074', 'KCP JAKARTA PASAR MINGGU'),
(192, 'ID0010260', 'KCP JAKARTA KEMANG'),
(193, 'ID0010630', 'KCP JAKARTA PEJATEN RAYA'),
(194, 'ID0010658', 'KCP JAKARTA TENDEAN'),
(195, 'ID0010080', 'KCP JAKARTA CILANDAK'),
(196, 'ID0010067', 'KCP JAKARTA FATMAWATI'),
(197, 'ID0010076', 'KCP JAKARTA PONDOK LABU'),
(198, 'ID0010432', 'KCP JAKARTA PONDOK PINANG'),
(199, 'ID0010332', 'KCP JAKARTA KEBAYORAN LAMA'),
(200, 'ID0010517', 'KCP JAKARTA JOGLO'),
(201, 'ID0010071', 'KCP JAKARTA BENDUNGAN HILIR'),
(202, 'ID0010429', 'KCP JAKARTA MENTENG'),
(203, 'ID0010463', 'KCP JAKARTA RADIO DALAM'),
(204, 'ID0010551', 'KCP JAKARTA SULTAN ISKANDAR MUDA'),
(205, 'ID0010523', 'KCP JAKARTA SIMPRUG'),
(206, 'ID0010635', 'KCP JAKARTA BARITO'),
(207, 'ID0010715', 'KFO MITRA MANDIRI ANEKA TAMBANG'),
(208, 'ID0010734', 'KFO POS FATMAWATI'),
(209, 'ID0010387', 'KK JAKARTA AL AZHAR KEBAYORAN'),
(210, 'ID0010391', 'KK JAKARTA PLAZA MANDIRI'),
(211, 'ID0010839', 'KK JAKARTA MENARA 165'),
(212, 'ID0010426', 'KLS JAKARTA DEPTAN'),
(213, 'ID0010428', 'KLS JAKARTA GD. PUSAT KEHUTANAN'),
(214, 'ID0010004a', 'AREA JAKARTA MAYESTIK'),
(215, 'ID0010004', 'KC JAKARTA MAYESTIK'),
(216, 'ID0010018', 'KC TANGERANG'),
(217, 'ID0010020', 'KC CILEGON'),
(218, 'ID0010077', 'KC TANGERANG BINTARO'),
(219, 'ID0010142', 'KC SERANG'),
(220, 'ID0010075', 'KC TANGERANG CIPUTAT'),
(221, 'ID0010135', 'KCP TANGERANG MALABAR'),
(222, 'ID0010230', 'KCP TANGERANG CIMONE'),
(223, 'ID0010289', 'KCP TANGERANG BALARAJA'),
(224, 'ID0010292', 'KCP LABUAN'),
(225, 'ID0010629', 'KCP PONDOK CILEGON INDAH'),
(226, 'ID0010343', 'KCP TANGERANG BINTARO SEKTOR III'),
(227, 'ID0010522', 'KCP TANGERANG GRAHA RAYA'),
(228, 'ID0010143', 'KCP LEBAK BANTEN'),
(229, 'ID0010347', 'KCP SERANG CIKANDE'),
(230, 'ID0010401', 'KCP PANDEGLANG'),
(231, 'ID0010583', 'KCP SERANG TIMUR'),
(232, 'ID0010134', 'KCP TANGERANG BSD'),
(233, 'ID0010136', 'KCP TANGERANG CIKUPA'),
(234, 'ID0010657', 'KCP TANGERANG KARAWACI'),
(235, 'ID0010079', 'KCP TANGERANG PAMULANG'),
(236, 'ID0010262', 'KCP TANGERANG CIRENDEU'),
(237, 'ID0010732', 'KFO POS TANGERANG'),
(238, 'ID0010689', 'KFO POS SERANG'),
(239, 'ID0010681', 'KFO POS TANGERANG CIPUTAT'),
(240, 'ID0010619', 'KK JAKARTA MASJID JAMI BINTARO JAYA'),
(241, 'ID0010007a', 'AREA BEKASI'),
(242, 'ID0010007', 'KC BEKASI'),
(243, 'ID0010081', 'KC BEKASI CIKARANG'),
(244, 'ID0010085', 'KCP BEKASI TIMUR'),
(245, 'ID0010086', 'KCP BEKASI TAMBUN'),
(246, 'ID0010265', 'KCP BEKASI KALIMALANG'),
(247, 'ID0010509', 'KCP BEKASI HARAPAN INDAH'),
(248, 'ID0010083', 'KCP KARAWANG'),
(249, 'ID0010084', 'KCP CIKAMPEK'),
(250, 'ID0010264', 'KCP CIKARANG JABABEKA'),
(251, 'ID0010682', 'KFO POS BEKASI'),
(252, 'ID0010002a', 'AREA JAKARTA THAMRIN'),
(253, 'ID0010002', 'KC JAKARTA THAMRIN'),
(254, 'ID0010033', 'KC JAKARTA SAHARJO'),
(255, 'ID0010376', 'KC JAKARTA HAYAM WURUK'),
(256, 'ID0010169', 'KC JAKARTA JATINEGARA'),
(257, 'ID0010108', 'KCP JAKARTA TANAH ABANG'),
(258, 'ID0010170', 'KCP JAKARTA RASUNA SAID'),
(259, 'ID0010171', 'KCP JAKARTA TEBET'),
(260, 'ID0010311', 'KCP JAKARTA MEGA KUNINGAN'),
(261, 'ID0010603', 'KCP JAKARTA K-LINK TOWER'),
(262, 'ID0010392', 'KCP JAKARTA TOMANG'),
(263, 'ID0010520', 'KCP JAKARTA PECENONGAN'),
(264, 'ID0010110', 'KCP JAKARTA PASAR BARU'),
(265, 'ID0010276', 'KCP JAKARTA GAJAH MADA'),
(266, 'ID0010176', 'KCP JAKARTA UTAN KAYU'),
(267, 'ID0010430', 'KCP JAKARTA JATINEGARA TIMUR'),
(268, 'ID0010733', 'KFO POS JATINEGARA'),
(269, 'ID0010683', 'KFO POS JAKARTA PUSAT'),
(270, 'ID0010714', 'KFO MITRA MANDIRI PASAR BARU'),
(271, 'ID0010389', 'KK JAKARTA INDOSAT'),
(272, 'ID0010388', 'KK JAKARTA DEPARTEMEN AGAMA'),
(273, 'ID0010650', 'KK JAKARTA GRAHA MANDIRI'),
(274, 'ID0010394', 'KK JAKARTA TRISAKTI'),
(275, 'ID0010017a', 'AREA BOGOR'),
(276, 'ID0010017', 'KC BOGOR'),
(277, 'ID0010046', 'KC DEPOK'),
(278, 'ID0010127', 'KC CIBINONG'),
(279, 'ID0010128', 'KCP BOGOR TAJUR'),
(280, 'ID0010129', 'KCP BOGOR DRAMAGA'),
(281, 'ID0010130', 'KCP BOGOR MERDEKA'),
(282, 'ID0010131', 'KCP BOGOR JALAN BARU'),
(283, 'ID0010420', 'KCP BOGOR SUDIRMAN'),
(284, 'ID0010198', 'KCP DEPOK MARGONDA'),
(285, 'ID0010078', 'KCP DEPOK CINERE'),
(286, 'ID0010199', 'KCP DEPOK CIMANGGIS'),
(287, 'ID0010200', 'KCP DEPOK SAWANGAN'),
(288, 'ID0010201', 'KCP DEPOK DUA'),
(289, 'ID0010329', 'KCP DEPOK KELAPA DUA'),
(290, 'ID0010330', 'KCP DEPOK NUSANTARA'),
(291, 'ID0010386', 'KCP DEPOK FMIPA - UI'),
(292, 'ID0010132', 'KCP BOGOR CITEUREUP'),
(293, 'ID0010288', 'KCP BOGOR POMAD'),
(294, 'ID0010552', 'KCP BOGOR SENTUL'),
(295, 'ID0010271', 'KCP CIPANAS'),
(296, 'ID0010684', 'KFO POS BOGOR'),
(297, 'ID0010626', 'KK BOGOR WARUNG JAMBU'),
(298, 'ID0010058a', 'AREA JAKARTA KELAPA GADING'),
(299, 'ID0010058', 'KC JAKARTA KELAPA GADING'),
(300, 'ID0010021', 'KC JAKARTA TANJUNG PRIOK'),
(301, 'ID0010035', 'KC JAKARTA RAWAMANGUN'),
(302, 'ID0010144', 'KC JAKARTA MANGGA DUA'),
(303, 'ID0010669', 'KC JAKARTA PLUIT'),
(304, 'ID0010233', 'KCP JAKARTA GADING ORCHARD'),
(305, 'ID0010671', 'KCP JAKARTA GADING BOULEVARD'),
(306, 'ID0010145', 'KCP JAKARTA KRAMAT JAYA'),
(307, 'ID0010173', 'KCP JAKARTA CAKUNG'),
(308, 'ID0010175', 'KCP JAKARTA KLENDER'),
(309, 'ID0010314', 'KCP JAKARTA PULO GADUNG'),
(310, 'ID0010553', 'KCP JAKARTA CIPINANG JAYA'),
(311, 'ID0010571', 'KCP JAKARTA KRAMAT RAYA'),
(312, 'ID0010109', 'KCP JAKARTA CEMPAKA PUTIH'),
(313, 'ID0010212', 'KCP JAKARTA RAWASARI'),
(314, 'ID0010275', 'KCP JAKARTA CIKINI'),
(315, 'ID0010146', 'KCP JAKARTA SUNTER'),
(316, 'ID0010231', 'KCP JAKARTA MUARA KARANG'),
(317, 'ID0010461', 'KK JAKARTA PENGADILAN AGAMA'),
(318, 'ID0010393', 'KK JAKARTA RSIJ CEMPAKA PUTIH'),
(319, 'ID0010457', 'KK JAKARTA YARSI'),
(320, 'ID0010045a', 'AREA JAKARTA KEBON JERUK'),
(321, 'ID0010045', 'KC JAKARTA KEBON JERUK'),
(322, 'ID0010363', 'KC JAKARTA CENGKARENG'),
(323, 'ID0010133', 'KC TANGERANG CILEDUG'),
(324, 'ID0010435', 'KCP JAKARTA S. PARMAN'),
(325, 'ID0010660', 'KCP JAKARTA MERUYA'),
(326, 'ID0010232', 'KCP JAKARTA KALIDERES'),
(327, 'ID0010656', 'KCP TANGERANG KARANG TENGAH'),
(328, 'ID0010195', 'KCP JAKARTA KEDOYA'),
(329, 'ID0010196', 'KCP JAKARTA TANJUNG DUREN'),
(330, 'ID0010197', 'KCP JAKARTA DURI KOSAMBI'),
(331, 'ID0010061a', 'AREA JAKARTA PONDOK KELAPA'),
(332, 'ID0010061', 'KC JAKARTA PONDOK KELAPA'),
(333, 'ID0010072', 'KC JAKARTA CIBUBUR'),
(334, 'ID0010082', 'KC BEKASI PONDOK GEDE'),
(335, 'ID0010372', 'KC JAKARTA KALIBATA'),
(336, 'ID0010174', 'KCP JAKARTA PONDOK BAMBU'),
(337, 'ID0010516', 'KCP BEKASI JATIBENING'),
(338, 'ID0010433', 'KCP JAKARTA PANGKALAN JATI'),
(339, 'ID0010261', 'KCP JAKARTA CIRACAS'),
(340, 'ID0010422', 'KCP JAKARTA GANDARIA'),
(341, 'ID0010263', 'KCP BEKASI KEMANG PRATAMA'),
(342, 'ID0010515', 'KCP BEKASI JATIASIH'),
(343, 'ID0010073', 'KCP JAKARTA CILILITAN'),
(344, 'ID0010177', 'KCP JAKARTA DEWI SARTIKA'),
(345, 'ID0010434', 'KCP JAKARTA PS. REBO'),
(346, 'ID0010424', 'KK BOGOR KOTA WISATA'),
(347, 'ID0010009a', 'AREA BANDUNG DAGO'),
(348, 'ID0010009', 'KC BANDUNG'),
(349, 'ID0010094', 'KC GARUT'),
(350, 'ID0010096', 'KCP BANDUNG SETIA BUDI'),
(351, 'ID0010272', 'KCP BANDUNG PAJAJARAN'),
(352, 'ID0010095', 'KCP BANDUNG BUAH BATU'),
(353, 'ID0010414', 'KCP BANDUNG MOH. TOHA'),
(354, 'ID0010097', 'KCP SUMEDANG'),
(355, 'ID0010556', 'KCP GARUT KADUNGORA'),
(356, 'ID0010358', 'KCP BANDUNG METRO MARGAHAYU'),
(357, 'ID0010359', 'KCP BANDUNG UJUNG BERUNG'),
(358, 'ID0010360', 'KCP BANDUNG RANCAEKEK'),
(359, 'ID0010574', 'KCP BANDUNG ANTAPANI'),
(360, 'ID0010608', 'KCP JATINANGOR'),
(361, 'ID0010691', 'KFO POS BANDUNG'),
(362, 'ID0010381', 'KK BANDUNG JAPATI'),
(363, 'ID0010637', 'KK BANDUNG RS AL ISLAM'),
(364, 'ID0010040a', 'AREA SEMARANG'),
(365, 'ID0010040', 'KC SEMARANG'),
(366, 'ID0010012', 'KC PEKALONGAN'),
(367, 'ID0010187', 'KC KUDUS'),
(368, 'ID0010112', 'KC TEGAL'),
(369, 'ID0010367', 'KC PATI'),
(370, 'ID0010378', 'KC KENDAL'),
(371, 'ID0010188', 'KCP UNGARAN'),
(372, 'ID0010246', 'KCP SEMARANG KARANGAYU'),
(373, 'ID0010321', 'KCP SEMARANG TIMUR'),
(374, 'ID0010322', 'KCP PURWODADI'),
(375, 'ID0010323', 'KCP TEMANGGUNG'),
(376, 'ID0010582', 'KCP SEMARANG NGALIYAN'),
(377, 'ID0010584', 'KCP SEMARANG BANYUMANIK'),
(378, 'ID0010451', 'KCP SEMARANG MT. HARYONO'),
(379, 'ID0010600', 'KCP GUBUG'),
(380, 'ID0010614', 'KCP MAGELANG MUNTILAN'),
(381, 'ID0010113', 'KCP PEMALANG'),
(382, 'ID0010280', 'KCP BATANG'),
(383, 'ID0010578', 'KCP PEKALONGAN KAJEN'),
(384, 'ID0010558', 'KCP JEPARA'),
(385, 'ID0010349', 'KCP BREBES'),
(386, 'ID0010727', 'KFO POS SEMARANG'),
(387, 'ID0010445', 'KLS PEKALONGAN PEKAJANGAN'),
(388, 'ID0010013a', 'AREA SOLO'),
(389, 'ID0010013', 'KC SOLO'),
(390, 'ID0010373', 'KC SALATIGA'),
(391, 'ID0010114', 'KCP KLATEN'),
(392, 'ID0010115', 'KCP SUKOHARJO SOLO BARU'),
(393, 'ID0010116', 'KCP SRAGEN'),
(394, 'ID0010234', 'KCP BOYOLALI'),
(395, 'ID0010235', 'KCP KARANGANYAR PALUR'),
(396, 'ID0010236', 'KCP SURAKARTA PASAR KLIWON'),
(397, 'ID0010237', 'KCP SUKOHARJO KARTASURA'),
(398, 'ID0010238', 'KCP WONOGIRI'),
(399, 'ID0010281', 'KCP SOLO URIP SUMOHARJO'),
(400, 'ID0010406', 'KCP SURAKARTA PASAR KLEWER'),
(401, 'ID0010453', 'KCP SOLO NUSUKAN'),
(402, 'ID0010692', 'KFO POS SOLO'),
(403, 'ID0010867', 'KFO MIKRO DELANGGU'),
(404, 'ID0010868', 'KFO MIKRO GEMOLONG'),
(405, 'ID0010405', 'KK SOLO ASSALAAM'),
(406, 'ID0010493', 'KK SURAKARTA MANAHAN'),
(407, 'ID0010024a', 'AREA CIREBON'),
(408, 'ID0010024', 'KC CIREBON'),
(409, 'ID0010042', 'KC TASIKMALAYA'),
(410, 'ID0010151', 'KCP KUNINGAN'),
(411, 'ID0010152', 'KCP INDRAMAYU JATIBARANG'),
(412, 'ID0010153', 'KCP MAJALENGKA'),
(413, 'ID0010241', 'KCP CIREBON PLERED'),
(414, 'ID0010297', 'KCP INDRAMAYU'),
(415, 'ID0010298', 'KCP CIREBON CILEDUG'),
(416, 'ID0010560', 'KCP INDRAMAYU PATROL'),
(417, 'ID0010421', 'KCP CIREBON SILIWANGI'),
(418, 'ID0010460', 'KCP TEGAL ADIWERNA'),
(419, 'ID0010190', 'KCP CIAMIS'),
(420, 'ID0010247', 'KCP BANJAR'),
(421, 'ID0010325', 'KCP CIAWI'),
(422, 'ID0010612', 'KCP TASIKMALAYA SINGAPARNA'),
(423, 'ID0010622', 'KK CIAMIS RANCAH'),
(424, 'ID0010458', 'KLS TASIKMALAYA RSUD'),
(425, 'ID0010029a', 'AREA YOGYAKARTA'),
(426, 'ID0010029', 'KC YOGYAKARTA'),
(427, 'ID0010057', 'KC PURWOKERTO'),
(428, 'ID0010211', 'KC CILACAP'),
(429, 'ID0010163', 'KCP YOGYAKARTA KALIURANG'),
(430, 'ID0010164', 'KCP WONOSARI'),
(431, 'ID0010243', 'KCP YOGYAKARTA KATAMSO'),
(432, 'ID0010244', 'KCP AMBARUKMO'),
(433, 'ID0010245', 'KCP GODEAN'),
(434, 'ID0010305', 'KCP YOGYAKARTA KOTAGEDE'),
(435, 'ID0010577', 'KCP YOGYAKARTA WIROBRAJAN'),
(436, 'ID0010598', 'KCP BANTUL'),
(437, 'ID0010597', 'KCP SLEMAN'),
(438, 'ID0010189', 'KCP MAGELANG'),
(439, 'ID0010324', 'KCP GOMBONG'),
(440, 'ID0010248', 'KCP PURBALINGGA'),
(441, 'ID0010348', 'KCP BANJARNEGARA'),
(442, 'ID0010594', 'KCP AJIBARANG'),
(443, 'ID0010478', 'KCP CILACAP MAJENANG'),
(444, 'ID0010736', 'KFO POS YOGYAKARTA'),
(445, 'ID0010409', 'KK BANTUL UMY'),
(446, 'ID0010408', 'KK YOGYAKARTA UII'),
(447, 'ID0010384', 'KK YOGYAKARTA UGM'),
(448, 'ID0010357a', 'AREA BANDUNG AHMAD YANI'),
(449, 'ID0010357', 'KC BANDUNG AHMAD YANI'),
(450, 'ID0010091', 'KC CIMAHI'),
(451, 'ID0010092', 'KC CIANJUR'),
(452, 'ID0010093', 'KC SUKABUMI'),
(453, 'ID0010050', 'KC PURWAKARTA'),
(454, 'ID0010573', 'KCP CIMAHI BAROS'),
(455, 'ID0010336', 'KCP CICURUG'),
(456, 'ID0010488', 'KCP SUKABUMI SURADE'),
(457, 'ID0010644', 'KCP SUKABUMI CIBADAK'),
(458, 'ID0010207', 'KCP SUBANG'),
(459, 'ID0010334', 'KCP SUBANG PAMANUKAN'),
(460, 'ID0010695', 'KFO POS CIANJUR'),
(461, 'ID0010726', 'KFO POS SUKABUMI'),
(462, 'ID0010010a', 'AREA SURABAYA DARMO'),
(463, 'ID0010010', 'KC SURABAYA'),
(464, 'ID0010098', 'KC SIDOARJO'),
(465, 'ID0010101', 'KCP MOJOKERTO'),
(466, 'ID0010104', 'KCP JOMBANG'),
(467, 'ID0010307', 'KCP KRIAN'),
(468, 'ID0010646', 'KCP SURABAYA PASAR TURI'),
(469, 'ID0010105', 'KCP SURABAYA SUNGKONO'),
(470, 'ID0010273', 'KCP SURABAYA TANJUNG PERAK'),
(471, 'ID0010251', 'KCP SURABAYA DHARMAHUSADA'),
(472, 'ID0010102', 'KCP SURABAYA AMPEL'),
(473, 'ID0010670', 'KCP SURABAYA PASAR ATOM'),
(474, 'ID0010497', 'KCP SIDOARJO WARU'),
(475, 'ID0010250', 'KCP SURABAYA WIYUNG'),
(476, 'ID0010492', 'KCP SURABAYA KEDUNGDORO'),
(477, 'ID0010455', 'KCP SURABAYA JEMBATAN MERAH'),
(478, 'ID0010719', 'KCP SIDOARJO SEPANJANG'),
(479, 'ID0010160', 'KCP PASURUAN'),
(480, 'ID0010712', 'KFO MITRA MANDIRI KEMBANG JEPUN'),
(481, 'ID0010728', 'KFO POS SURABAYA KEBON ROJO'),
(482, 'ID0010501', 'KK SURABAYA UNIVERSITAS AIRLANGGA'),
(483, 'ID0010106a', 'AREA SURABAYA JEMUR HANDAYANI'),
(484, 'ID0010106', 'KC SURABAYA JEMUR HANDAYANI'),
(485, 'ID0010014', 'KC PAMEKASAN'),
(486, 'ID0010099', 'KC GRESIK'),
(487, 'ID0010100', 'KC BOJONEGORO'),
(488, 'ID0010454', 'KCP SURABAYA KLAMPIS'),
(489, 'ID0010528', 'KCP SURABAYA RUNGKUT'),
(490, 'ID0010117', 'KCP BANGKALAN'),
(491, 'ID0010282', 'KCP SUMENEP'),
(492, 'ID0010283', 'KCP SAMPANG'),
(493, 'ID0010319', 'KCP LAMONGAN'),
(494, 'ID0010103', 'KCP TUBAN'),
(495, 'ID0010498', 'KCP BOJONEGORO SUMBERREJO'),
(496, 'ID0010604', 'KK BOJONEGORO PONPES ATTANWIR'),
(497, 'ID0010028a', 'AREA MALANG'),
(498, 'ID0010028', 'KC MALANG'),
(499, 'ID0010048', 'KC KEDIRI'),
(500, 'ID0010203', 'KC MADIUN'),
(501, 'ID0010374', 'KC BLITAR'),
(502, 'ID0010162', 'KCP MALANG BATU'),
(503, 'ID0010255', 'KCP KEPANJEN'),
(504, 'ID0010302', 'KCP PANDAAN'),
(505, 'ID0010304', 'KCP LAWANG'),
(506, 'ID0010512', 'KCP MALANG SOEKARNO HATTA'),
(507, 'ID0010659', 'KCP MALANG TUREN'),
(508, 'ID0010703', 'KCP MALANG PASAR BESAR'),
(509, 'ID0010256', 'KCP KEDIRI PARE'),
(510, 'ID0010331', 'KCP NGANJUK'),
(511, 'ID0010350', 'KCP PONOROGO'),
(512, 'ID0010467', 'KCP NGAWI'),
(513, 'ID0010590', 'KCP MAGETAN'),
(514, 'ID0010591', 'KCP PACITAN'),
(515, 'ID0010202', 'KCP TULUNGAGUNG'),
(516, 'ID0010529', 'KCP TRENGGALEK'),
(517, 'ID0010693', 'KFO POS MALANG'),
(518, 'ID0010907', 'KK MALANG FIA-UB'),
(519, 'ID0010053a', 'AREA DENPASAR'),
(520, 'ID0010053', 'KC DENPASAR'),
(521, 'ID0010031', 'KC MATARAM'),
(522, 'ID0010259', 'KC KUPANG'),
(523, 'ID0010208', 'KCP BULELENG'),
(524, 'ID0010340', 'KCP DENPASAR GATOT SUBROTO'),
(525, 'ID0010499', 'KCP DENPASAR WR SUPRATMAN'),
(526, 'ID0010397', 'KCP KUTA'),
(527, 'ID0010165', 'KCP SUMBAWA'),
(528, 'ID0010166', 'KCP PANCOR'),
(529, 'ID0010308', 'KCP PRAYA'),
(530, 'ID0010309', 'KCP BIMA'),
(531, 'ID0010707', 'KFO MITRA BSHB MELATI'),
(532, 'ID0010709', 'KFO MITRA BSHB SUKAWATI'),
(533, 'ID0010710', 'KFO MITRA BSHB TABANAN'),
(534, 'ID0010708', 'KFO MITRA BSHB GUNUNG AGUNG'),
(535, 'ID0010711', 'KFO MITRA BANK MANTAP SESETAN'),
(536, 'ID0010731', 'KFO POS MATARAM'),
(537, 'ID0010842', 'KFO MITRA MANDIRI MATARAM CAKRANEGARA'),
(538, 'ID0010730', 'KFO POS KUPANG'),
(539, 'ID0010869', 'KFO MIKRO LANGAM'),
(540, 'ID0010897', 'KFO POS DOMPU'),
(541, 'ID0010898', 'KFO POS NARMADA'),
(542, 'ID0010900', 'KFO POS TANJUNG'),
(543, 'ID0010051a', 'AREA JEMBER'),
(544, 'ID0010051', 'KC JEMBER'),
(545, 'ID0010060', 'KC BANYUWANGI'),
(546, 'ID0010303', 'KCP LUMAJANG'),
(547, 'ID0010337', 'KCP BONDOWOSO'),
(548, 'ID0010338', 'KCP SITUBONDO'),
(549, 'ID0010339', 'KCP JEMBER BALUNG'),
(550, 'ID0010161', 'KCP PROBOLINGGO'),
(551, 'ID0010351', 'KCP GENTENG'),
(552, 'ID0010654', 'KCP BANYUWANGI ROGOJAMPI'),
(553, 'ID0010729', 'KFO POS JEMBER'),
(554, 'ID0010694', 'KFO POS BANYUWANGI'),
(555, 'ID0010565', 'KK JEMBER UNIVERSITAS MUHAMMADIYAH'),
(556, 'ID0010605', 'KK JEMBER KALISAT'),
(557, 'ID0010701', 'KK BANYUWANGI KETAPANG'),
(558, 'ID0010016a', 'AREA BANJARMASIN'),
(559, 'ID0010016', 'KC BANJARMASIN'),
(560, 'ID0010066', 'KC PALANGKARAYA'),
(561, 'ID0010123', 'KC MARTAPURA'),
(562, 'ID0010368', 'KC PANGKALAN BUN'),
(563, 'ID0010377', 'KC TANJUNG'),
(564, 'ID0010462', 'KC SAMPIT'),
(565, 'ID0010124', 'KCP BANJARMASIN A. YANI'),
(566, 'ID0010125', 'KCP BATULICIN'),
(567, 'ID0010253', 'KCP BANJARMASIN PS. CEMPAKA'),
(568, 'ID0010254', 'KCP BANJARMASIN SENTRA ANTASARI'),
(569, 'ID0010479', 'KCP KAPUAS'),
(570, 'ID0010636', 'KCP MUARA TEWEH'),
(571, 'ID0010286', 'KCP PELAIHARI'),
(572, 'ID0010287', 'KCP KOTABARU'),
(573, 'ID0010126', 'KCP BARABAI'),
(574, 'ID0010532', 'KCP AMUNTAI'),
(575, 'ID0010697', 'KFO POS BANJARMASIN'),
(576, 'ID0010906', 'KFO MANDIRI BANJARBARU'),
(577, 'ID0010383', 'KK BANJARMASIN S. PARMAN'),
(578, 'ID0010382', 'KK BANJARBARU'),
(579, 'ID0010625', 'KK BANJARMASIN SD MUHAMMADIYAH'),
(580, 'ID0010415', 'KK BANJARMASIN HASAN BASRI'),
(581, 'ID0010416', 'KK BANJARMASIN STMIK'),
(582, 'ID0010026a', 'AREA PONTIANAK'),
(583, 'ID0010026', 'KC PONTIANAK'),
(584, 'ID0010155', 'KC KETAPANG'),
(585, 'ID0010370', 'KC SAMBAS'),
(586, 'ID0010548', 'KC SINGKAWANG'),
(587, 'ID0010156', 'KCP SINTANG'),
(588, 'ID0010242', 'KCP NANGA PINOH'),
(589, 'ID0010299', 'KCP PONTIANAK KOTA'),
(590, 'ID0010447', 'KCP PONTIANAK SUNGAI JAWI'),
(591, 'ID0010525', 'KCP SANGGAU'),
(592, 'ID0010403', 'KCP PONTIANAK AHMAD YANI'),
(593, 'ID0010491', 'KCP KETAPANG MANIS MATA'),
(594, 'ID0010606', 'KK PONTIANAK TANJUNG RAYA'),
(595, 'ID0010023a', 'AREA BALIKPAPAN'),
(596, 'ID0010023', 'KC BALIKPAPAN'),
(597, 'ID0010036', 'KC SAMARINDA'),
(598, 'ID0010041', 'KC KUTAI KARTANEGARA'),
(599, 'ID0010178', 'KC BONTANG'),
(600, 'ID0010295', 'KCP BALIKPAPAN SEPINGGAN'),
(601, 'ID0010296', 'KCP BALIKPAPAN BARU'),
(602, 'ID0010410', 'KCP BALIKPAPAN KEBUN SAYUR'),
(603, 'ID0010541', 'KCP PENAJAM'),
(604, 'ID0010179', 'KCP TARAKAN'),
(605, 'ID0010315', 'KCP PAHLAWAN'),
(606, 'ID0010576', 'KCP SAMARINDA SUDIRMAN'),
(607, 'ID0010450', 'KCP SAMARINDA HASAN BASRI'),
(608, 'ID0010648', 'KCP NUNUKAN'),
(609, 'ID0010535', 'KCP KUTAI SENDAWAR'),
(610, 'ID0010642', 'KCP KUTAI TENGGARONG SEBERANG'),
(611, 'ID0010326', 'KCP SANGATTA'),
(612, 'ID0010015a', 'AREA MAKASSAR'),
(613, 'ID0010015', 'KC MAKASSAR'),
(614, 'ID0010065', 'KC MAMUJU'),
(615, 'ID0010354', 'KC AMBON'),
(616, 'ID0010366', 'KC KENDARI'),
(617, 'ID0010118', 'KC BONE'),
(618, 'ID0010119', 'KCP MAKASSAR PANAKUKKANG'),
(619, 'ID0010285', 'KCP MAKASSAR TAMALANREA'),
(620, 'ID0010466', 'KCP MAROS'),
(621, 'ID0010579', 'KCP GOWA'),
(622, 'ID0010440', 'KCP MAKASSAR AHMAD YANI'),
(623, 'ID0010542', 'KCP POLEWALI'),
(624, 'ID0010717', 'KCP BULA'),
(625, 'ID0010668', 'KCP BAUBAU'),
(626, 'ID0010120', 'KCP BULUKUMBA'),
(627, 'ID0010121', 'KCP PARE PARE'),
(628, 'ID0010122', 'KCP PALOPO'),
(629, 'ID0010284', 'KCP SENGKANG'),
(630, 'ID0010704', 'KCP AMBON DIPONEGORO'),
(631, 'ID0010713', 'KFO MITRA MANDIRI SULAWESI MAKASSAR'),
(632, 'ID0010737', 'KFO POS MAKASSAR'),
(633, 'ID0010836', 'KFO POS KENDARI'),
(634, 'ID0010840', 'KFO MITRA MANDIRI BONE WATAMPONE'),
(635, 'ID0010901', 'KFO POS ANTANG'),
(636, 'ID0010902', 'KFO POS LIMBUNG'),
(637, 'ID0010903', 'KFO POS BELOPA'),
(638, 'ID0010904', 'KFO POS SIDRAP'),
(639, 'ID0010380', 'KK MAKASSAR UNISMUH'),
(640, 'ID0010038a', 'AREA PALU'),
(641, 'ID0010038', 'KC PALU'),
(642, 'ID0010052', 'KC MANADO'),
(643, 'ID0010062', 'KC GORONTALO'),
(644, 'ID0010064', 'KC TERNATE'),
(645, 'ID0010184', 'KC LUWUK'),
(646, 'ID0010185', 'KCP PARIGI MOUTONG'),
(647, 'ID0010317', 'KCP PALU PLAZA'),
(648, 'ID0010536', 'KCP SIGI'),
(649, 'ID0010511', 'KCP TOLITOLI'),
(650, 'ID0010444', 'KCP PALU TADULAKO'),
(651, 'ID0010257', 'KCP BITUNG'),
(652, 'ID0010464', 'KCP KOTAMOBAGU'),
(653, 'ID0010398', 'KCP MANADO PASAR 45'),
(654, 'ID0010705', 'KCP BACAN'),
(655, 'ID0010318', 'KCP MOROWALI'),
(656, 'ID0010596', 'KCP AMPANA'),
(657, 'ID0010601', 'KCP POSO'),
(658, 'ID0010723', 'KFO POS MANADO'),
(659, 'ID0010835', 'KFO POS GORONTALO'),
(660, 'ID0010896', 'KFO POS TERNATE BASTIONG'),
(661, 'ID0010054a', 'AREA JAYAPURA'),
(662, 'ID0010054', 'KC JAYAPURA'),
(663, 'ID0010258', 'KC SORONG'),
(664, 'ID0010344', 'KCP JAYAPURA ABEPURA'),
(665, 'ID0010395', 'KCP JAYAPURA SENTANI'),
(666, 'ID0010905', 'KFO POS JAYAPURA'),
(669, 'ID0010001a', 'KANTOR PUSAT');

-- --------------------------------------------------------

--
-- Table structure for table `tbl_info_usaha`
--

CREATE TABLE `tbl_info_usaha` (
  `no_app` varchar(100) NOT NULL,
  `entitas` varchar(10) NOT NULL,
  `nm_usaha_nsbh` varchar(50) NOT NULL,
  `jns_usaha_nsbh` varchar(50) NOT NULL,
  `bpjs` varchar(1) NOT NULL,
  `no_skdp` varchar(50) NOT NULL,
  `tgl_skdp` date NOT NULL,
  `no_tdp` varchar(50) NOT NULL,
  `tgl_tdp` date NOT NULL,
  `no_siup` varchar(50) NOT NULL,
  `tgl_siup` date NOT NULL,
  `almt_usaha` text NOT NULL,
  `almt_kantor` text NOT NULL,
  `lama_usaha` int(4) NOT NULL,
  `lama_jns_usaha` int(4) NOT NULL,
  `sektor_lsmk` varchar(15) NOT NULL,
  `bid_lsmk` varchar(15) NOT NULL,
  `akta_pendirian` varchar(50) NOT NULL,
  `tgl_akta_pendirian` date NOT NULL,
  `akta_terakhir` varchar(50) NOT NULL,
  `tgl_akta_terakhir` date NOT NULL,
  `no_pengesahan` varchar(50) NOT NULL,
  `no_penerimaan` varchar(50) NOT NULL,
  `nm_notaris` varchar(50) NOT NULL
) ENGINE=InnoDB DEFAULT CHARSET=latin1;

--
-- Dumping data for table `tbl_info_usaha`
--

INSERT INTO `tbl_info_usaha` (`no_app`, `entitas`, `nm_usaha_nsbh`, `jns_usaha_nsbh`, `bpjs`, `no_skdp`, `tgl_skdp`, `no_tdp`, `tgl_tdp`, `no_siup`, `tgl_siup`, `almt_usaha`, `almt_kantor`, `lama_usaha`, `lama_jns_usaha`, `sektor_lsmk`, `bid_lsmk`, `akta_pendirian`, `tgl_akta_pendirian`, `akta_terakhir`, `tgl_akta_terakhir`, `no_pengesahan`, `no_penerimaan`, `nm_notaris`) VALUES
('1905271321825217', 'PT', 'PT Bumi Rahayu Gasindo', 'Perdagangan Gas LPG', 'N', '503/0671.05-DU/DPMPTSP', '2020-08-23', '102214701136', '2021-08-27', '0493/10-23/PK/V/2016', '2021-05-09', 'Jl Sunan Gunung Jati Blok II RT01RW08 Desa Kertasura Kec Kapetakan Kab Cirebon', 'Jl Sunan Gunung Jati Blok II RT01RW08 Desa Kertasura Kec Kapetakan Kab Cirebon', 10, 14, '514100', '514100', '3', '2009-04-03', '3', '2009-04-03', 'AHU-21630.AH.01.01.Tahun 2009', 'AHU-21630.AH.01.01.Tahun 2009', 'Ratna Widiyanti SH');

-- --------------------------------------------------------

--
-- Table structure for table `tbl_jaringan`
--

CREATE TABLE `tbl_jaringan` (
  `id` int(11) NOT NULL,
  `id_user` varchar(50) NOT NULL,
  `id_cabang` text NOT NULL
) ENGINE=InnoDB DEFAULT CHARSET=latin1;

--
-- Dumping data for table `tbl_jaringan`
--

INSERT INTO `tbl_jaringan` (`id`, `id_user`, `id_cabang`) VALUES
(7, '078273241', 'ID0010003::ID0010005');

-- --------------------------------------------------------

--
-- Table structure for table `tbl_log`
--

CREATE TABLE `tbl_log` (
  `id_log` int(11) NOT NULL,
  `no_app` char(50) DEFAULT NULL,
  `user_name` varchar(255) NOT NULL,
  `ip_address` varchar(50) NOT NULL,
  `time_log` datetime NOT NULL,
  `activity` text NOT NULL
) ENGINE=InnoDB DEFAULT CHARSET=latin1;

--
-- Dumping data for table `tbl_log`
--

INSERT INTO `tbl_log` (`id_log`, `no_app`, `user_name`, `ip_address`, `time_log`, `activity`) VALUES
(17, NULL, 'FATMA SRI SANTRINI', '::1', '2019-06-12 11:27:26', 'Berhasil login'),
(18, NULL, 'FATMA SRI SANTRINI', '::1', '2019-06-12 11:28:45', 'Berhasil login'),
(19, NULL, 'FATMA SRI SANTRINI', '::1', '2019-06-12 11:29:27', 'Berhasil login'),
(20, NULL, 'FATMA SRI SANTRINI', '::1', '2019-06-12 11:32:06', 'Berhasil login'),
(21, NULL, 'FATMA SRI SANTRINI', '::1', '2019-06-12 13:07:46', 'Berhasil login'),
(22, NULL, 'FATMA SRI SANTRINI', '::1', '2019-06-12 13:46:58', 'Berhasil logout'),
(23, NULL, 'FATMA SRI SANTRINI', '::1', '2019-06-12 13:47:16', 'Berhasil login'),
(24, NULL, 'FATMA SRI SANTRINI', '::1', '2019-06-12 14:09:18', 'Berhasil logout'),
(25, NULL, 'FATMA SRI SANTRINI', '::1', '2019-06-12 14:09:21', 'Berhasil login'),
(26, NULL, 'FATMA SRI SANTRINI', '::1', '2019-06-12 14:10:11', 'Berhasil logout'),
(27, NULL, 'FATMA SRI SANTRINI', '::1', '2019-06-12 14:10:15', 'Berhasil login'),
(28, NULL, 'FATMA SRI SANTRINI', '::1', '2019-06-12 14:10:29', 'Berhasil logout'),
(29, NULL, 'FATMA SRI SANTRINI', '::1', '2019-06-12 14:11:18', 'Berhasil login'),
(30, NULL, 'FATMA SRI SANTRINI', '::1', '2019-06-12 14:16:07', 'Berhasil logout'),
(31, NULL, 'FATMA SRI SANTRINI', '::1', '2019-06-12 14:16:10', 'Berhasil login'),
(32, NULL, 'FATMA SRI SANTRINI', '::1', '2019-06-12 14:31:15', 'Berhasil logout'),
(33, NULL, 'FATMA SRI SANTRINI', '::1', '2019-06-12 14:31:19', 'Berhasil login'),
(34, NULL, 'FATMA SRI SANTRINI', '::1', '2019-06-12 14:32:02', 'Berhasil logout'),
(35, NULL, 'FATMA SRI SANTRINI', '::1', '2019-06-12 14:32:05', 'Berhasil login'),
(36, NULL, 'FATMA SRI SANTRINI', '::1', '2019-06-12 14:39:22', 'Berhasil logout'),
(37, NULL, 'FATMA SRI SANTRINI', '::1', '2019-06-12 14:39:26', 'Berhasil login'),
(38, NULL, 'FATMA SRI SANTRINI', '::1', '2019-06-12 14:40:11', 'Berhasil logout'),
(39, NULL, 'FATMA SRI SANTRINI', '::1', '2019-06-12 14:40:15', 'Berhasil login'),
(40, NULL, 'FATMA SRI SANTRINI', '::1', '2019-06-12 14:42:53', 'Berhasil logout'),
(41, NULL, 'FATMA SRI SANTRINI', '::1', '2019-06-12 14:42:56', 'Berhasil login'),
(42, NULL, 'FATMA SRI SANTRINI', '::1', '2019-06-12 15:14:42', 'Berhasil logout'),
(43, NULL, 'FATMA SRI SANTRINI', '::1', '2019-06-12 15:14:57', 'Berhasil login'),
(44, NULL, 'FATMA SRI SANTRINI', '::1', '2019-06-12 16:59:03', 'Berhasil logout'),
(45, NULL, 'Imam Maulana Ibrahim', '::1', '2019-06-17 07:42:13', 'Berhasil login'),
(46, NULL, 'Imam Maulana Ibrahim', '::1', '2019-06-17 08:12:26', 'Berhasil logout'),
(47, NULL, 'FATMA SRI SANTRINI', '::1', '2019-06-17 08:14:15', 'Berhasil login'),
(48, NULL, 'FATMA SRI SANTRINI', '::1', '2019-06-17 08:19:14', 'Berhasil logout'),
(49, NULL, 'Imam Maulana Ibrahim', '::1', '2019-06-17 08:19:45', 'Berhasil login'),
(50, NULL, 'FATMA SRI SANTRINI', '::1', '2019-06-20 15:07:14', 'Berhasil login'),
(51, NULL, 'FATMA SRI SANTRINI', '::1', '2019-06-20 15:07:50', 'Berhasil logout'),
(52, NULL, 'Imam Maulana Ibrahim', '::1', '2019-06-20 15:07:54', 'Berhasil login'),
(53, NULL, 'Imam Maulana Ibrahim', '::1', '2019-06-20 15:08:05', 'Berhasil logout'),
(54, NULL, 'FATMA SRI SANTRINI', '::1', '2019-06-26 10:34:15', 'Berhasil login'),
(55, NULL, 'Imam Maulana Ibrahim', '::1', '2019-06-28 09:55:16', 'Berhasil login'),
(56, NULL, 'Help Desk SMART', '::1', '2019-06-28 11:07:35', 'Berhasil login'),
(57, NULL, 'Help Desk SMART', '::1', '2019-06-28 11:08:18', 'Berhasil logout'),
(58, NULL, 'Help Desk SMART', '::1', '2019-06-28 11:08:26', 'Berhasil login'),
(59, NULL, 'Help Desk SMART', '::1', '2019-06-28 11:29:54', 'Berhasil logout'),
(60, NULL, 'Imam BBG', '::1', '2019-06-28 11:30:05', 'Berhasil login'),
(61, NULL, 'Imam BBG', '::1', '2019-06-28 11:31:16', 'Berhasil logout'),
(62, NULL, 'Imam Maulana Ibrahim', '::1', '2019-06-28 11:31:19', 'Berhasil login'),
(63, NULL, 'Imam Maulana Ibrahim', '::1', '2019-06-28 11:31:36', 'Berhasil logout'),
(64, NULL, 'Imam BBG', '::1', '2019-06-28 11:31:45', 'Berhasil login'),
(65, NULL, 'Imam BBG', '::1', '2019-06-28 11:32:05', 'Berhasil logout'),
(66, NULL, 'Imam Maulana Ibrahim', '::1', '2019-06-28 11:32:08', 'Berhasil login'),
(67, NULL, 'Imam Maulana Ibrahim', '::1', '2019-06-28 13:48:17', 'Berhasil login'),
(68, NULL, 'Imam Maulana Ibrahim', '::1', '2019-06-28 13:48:20', 'Berhasil logout'),
(69, NULL, 'Imam BBG', '::1', '2019-06-28 13:48:26', 'Berhasil login'),
(70, NULL, 'Imam BBG', '::1', '2019-06-28 14:17:10', 'Berhasil logout'),
(71, NULL, 'Imam Maulana Ibrahim', '::1', '2019-06-28 14:17:13', 'Berhasil login'),
(72, NULL, 'Imam Maulana Ibrahim', '::1', '2019-06-28 14:29:36', 'Berhasil logout'),
(73, NULL, 'Imam', '::1', '2019-06-28 14:29:42', 'Berhasil login'),
(74, NULL, 'Imam', '::1', '2019-06-28 14:57:00', 'Berhasil logout'),
(75, NULL, 'Imam Maulana Ibrahim', '::1', '2019-06-28 15:04:15', 'Berhasil login'),
(76, NULL, 'Imam Maulana Ibrahim', '::1', '2019-06-28 15:04:54', 'Berhasil logout'),
(77, NULL, 'Imam', '::1', '2019-06-28 15:05:00', 'Berhasil login'),
(78, NULL, 'Imam', '::1', '2019-06-28 15:05:07', 'Berhasil logout'),
(79, NULL, 'Imam Maulana Ibrahim', '::1', '2019-06-28 15:05:10', 'Berhasil login'),
(80, NULL, 'Imam Maulana Ibrahim', '::1', '2019-06-28 15:06:41', 'Berhasil logout'),
(81, NULL, 'Imam', '::1', '2019-06-28 15:06:45', 'Berhasil login'),
(82, NULL, 'Imam', '::1', '2019-06-28 15:14:39', 'Berhasil logout'),
(83, NULL, 'Imam', '::1', '2019-06-28 15:14:43', 'Berhasil login'),
(84, NULL, 'Imam', '::1', '2019-06-28 15:16:12', 'Berhasil logout'),
(85, NULL, 'Imam Maulana Ibrahim', '::1', '2019-06-28 15:16:15', 'Berhasil login'),
(86, NULL, 'Imam Maulana Ibrahim', '::1', '2019-06-28 15:16:22', 'Berhasil logout'),
(87, NULL, 'FATMA SRI SANTRINI', '::1', '2019-06-28 15:18:08', 'Berhasil login'),
(88, NULL, 'FATMA SRI SANTRINI', '::1', '2019-06-28 15:18:12', 'Berhasil logout'),
(89, NULL, 'Imam Maulana Ibrahim', '::1', '2019-06-28 15:18:16', 'Berhasil login'),
(90, NULL, 'Imam Maulana Ibrahim', '::1', '2019-06-28 15:18:20', 'Berhasil logout'),
(91, NULL, 'Imam', '::1', '2019-06-28 15:18:28', 'Berhasil login'),
(92, NULL, 'Imam', '::1', '2019-06-28 15:18:30', 'Berhasil logout'),
(93, NULL, 'FATMA SRI SANTRINI', '::1', '2019-06-28 15:18:35', 'Berhasil login'),
(94, NULL, 'FATMA SRI SANTRINI', '::1', '2019-06-28 15:18:43', 'Berhasil logout'),
(95, NULL, 'FATMA SRI SANTRINI', '::1', '2019-06-28 15:18:51', 'Berhasil login'),
(96, NULL, 'FATMA SRI SANTRINI', '::1', '2019-06-28 15:18:55', 'Berhasil logout'),
(97, NULL, 'Imam Maulana Ibrahim', '::1', '2019-06-28 15:18:58', 'Berhasil login'),
(98, NULL, 'Imam Maulana Ibrahim', '::1', '2019-06-28 15:20:19', 'Berhasil logout'),
(99, NULL, 'Imam', '::1', '2019-06-28 15:20:24', 'Berhasil login'),
(100, NULL, 'Imam', '::1', '2019-06-28 15:24:46', 'Berhasil logout'),
(101, NULL, 'Imam Maulana Ibrahim', '::1', '2019-06-28 15:24:49', 'Berhasil login'),
(102, NULL, 'Imam Maulana Ibrahim', '::1', '2019-06-28 15:57:34', 'Berhasil logout'),
(103, NULL, 'Imam', '::1', '2019-06-28 15:57:46', 'Berhasil login'),
(104, NULL, 'Imam', '::1', '2019-06-28 16:07:28', 'Berhasil logout'),
(105, NULL, 'FATMA SRI SANTRINI', '::1', '2019-06-28 16:11:10', 'Berhasil login'),
(106, NULL, 'FATMA SRI SANTRINI', '::1', '2019-06-28 16:11:13', 'Berhasil logout'),
(107, NULL, 'Imam Maulana Ibrahim', '::1', '2019-07-01 08:33:18', 'Berhasil login'),
(108, NULL, 'Imam Maulana Ibrahim', '::1', '2019-07-01 10:25:25', 'Berhasil logout'),
(109, NULL, 'Imam', '::1', '2019-07-01 10:25:39', 'Berhasil login'),
(110, NULL, 'Imam', '::1', '2019-07-01 11:26:33', 'Berhasil login'),
(111, NULL, 'Imam', '::1', '2019-07-01 11:30:44', 'Berhasil logout'),
(112, NULL, 'Imam Maulana Ibrahim', '::1', '2019-07-01 11:30:46', 'Berhasil login'),
(113, NULL, 'Imam Maulana Ibrahim', '::1', '2019-07-01 14:25:58', 'Berhasil login'),
(114, NULL, 'Imam Maulana Ibrahim', '::1', '2019-07-01 15:32:02', 'Berhasil login'),
(115, NULL, 'Imam Maulana Ibrahim', '::1', '2019-07-01 16:19:32', 'Berhasil logout'),
(116, NULL, 'Imam', '::1', '2019-07-01 16:19:39', 'Berhasil login'),
(117, NULL, 'Imam Maulana Ibrahim', '::1', '2019-07-01 16:57:09', 'Berhasil login'),
(118, NULL, 'Imam Maulana Ibrahim', '::1', '2019-07-01 16:57:11', 'Berhasil logout'),
(119, NULL, 'Imam', '::1', '2019-07-01 16:57:16', 'Berhasil login'),
(120, NULL, 'Imam', '::1', '2019-07-01 16:57:18', 'Berhasil logout'),
(121, NULL, 'Imam Maulana Ibrahim', '::1', '2019-07-01 16:57:22', 'Berhasil login'),
(122, NULL, 'Imam Maulana Ibrahim', '::1', '2019-07-01 17:24:30', 'Berhasil logout'),
(123, NULL, 'Imam Maulana Ibrahim', '::1', '2019-07-01 17:24:56', 'Berhasil login');

-- --------------------------------------------------------

--
-- Table structure for table `tbl_lsmk`
--

CREATE TABLE `tbl_lsmk` (
  `id_kode` char(25) NOT NULL,
  `sekon_lsmk` varchar(255) NOT NULL,
  `format_lsmk` varchar(255) NOT NULL
) ENGINE=InnoDB DEFAULT CHARSET=latin1;

--
-- Dumping data for table `tbl_lsmk`
--

INSERT INTO `tbl_lsmk` (`id_kode`, `sekon_lsmk`, `format_lsmk`) VALUES
('000001', 'Kegiatan yang Belum Jelas Batasannya Perorangan (Produktif)', 'Kegiatan yang Belum Jelas Batasannya.'),
('000002', 'Kegiatan yang Belum Jelas Batasannya Badan Usaha (Produktif)', 'Kegiatan yang Belum Jelas Batasannya.'),
('001110', 'Rumah Tangga untuk Pemilikan Rumah Tinggal s.d. Tipe 21 (Konsumtif)', 'Bukan Lapangan Usaha Lainnya'),
('001120', 'Rumah Tangga untuk Pemilikan Rumah Tinggal Tipe 22 s.d. 70 (Konsumtif)', 'Bukan Lapangan Usaha Lainnya'),
('001130', 'Rumah Tangga untuk Pemilikan Rumah Tinggal Tipe Diatas 70 (Konsumtif)', 'Bukan Lapangan Usaha Lainnya'),
('001210', 'Rumah Tangga untuk Pemilikan Flat atau Apartemen s.d. Tipe 21 (Konsumtif)', 'Bukan Lapangan Usaha Lainnya'),
('001220', 'Rumah Tangga untuk Pemilikan Flat atau Apartemen Tipe 22 s.d. 70 (Konsumtif)', 'Bukan Lapangan Usaha Lainnya'),
('001230', 'Rumah Tangga untuk Pemilikan Flat atau Apartemen Tipe Diatas 70 (Konsumtif)', 'Bukan Lapangan Usaha Lainnya'),
('001300', 'Rumah Tangga untuk Pemilikan Rumah Toko (Ruko) atau Rumah Kantor (Rukan) (Konsumtif)', 'Bukan Lapangan Usaha Lainnya'),
('002100', 'Rumah Tangga untuk Pemilikan Mobil Roda Empat (Konsumtif)', 'Bukan Lapangan Usaha Lainnya'),
('002200', 'Rumah Tangga untuk Pemilikan Sepeda Bermotor (Konsumtif)', 'Bukan Lapangan Usaha Lainnya'),
('002300', 'Rumah Tangga untuk Pemilikan Truk dan Kendaraan Bermotor Roda Enam atau Lebih (Konsumtif)', 'Bukan Lapangan Usaha Lainnya'),
('002900', 'Rumah Tangga untuk Pemilikan Kendaraan Bermotor Lainnya (Konsumtif)', 'Bukan Lapangan Usaha Lainnya'),
('003100', 'Rumah Tangga untuk Pemilikan Furnitur dan Peralatan Rumah Tangga (Konsumtif)', 'Bukan Lapangan Usaha Lainnya'),
('003200', 'Rumah Tangga untuk Pemilikan Televisi, Radio, dan Alat Elektronik (Konsumtif)', 'Bukan Lapangan Usaha Lainnya'),
('003300', 'Rumah Tangga untuk Pemilikan Komputer dan Alat Komunikasi (Konsumtif)', 'Bukan Lapangan Usaha Lainnya'),
('003900', 'Rumah Tangga untuk Pemilikan Peralatan Lainnya (Konsumtif)', 'Bukan Lapangan Usaha Lainnya'),
('004100', 'Rumah Tangga untuk Keperluan Multiguna (Konsumtif)', 'Bukan Lapangan Usaha Lainnya'),
('004900', 'Rumah Tangga untuk Keperluan yang Tidak Diklasifikasikan di Tempat Lain (Konsumtif)', 'Bukan Lapangan Usaha Lainnya'),
('009000', 'Bukan Lapangan Usaha Lainnya (Konsumtif)', '#N/A'),
('011110', 'Pertanian Padi (Produktif)', 'Pertanian, Perburuan, dan Kehutanan'),
('011121', 'Pertanian Palawija Jagung (Produktif)', 'Pertanian, Perburuan, dan Kehutanan'),
('011122', 'Pertanian Palawija Ketela pohon (Produktif)', 'Pertanian, Perburuan, dan Kehutanan'),
('011123', 'Pertanian Palawija Ubi jalar (Produktif)', 'Pertanian, Perburuan, dan Kehutanan'),
('011124', 'Pertanian Palawija Umbiumbian lainnya (Produktif)', 'Pertanian, Perburuan, dan Kehutanan'),
('011125', 'Pertanian Palawija Kacang tanah (Produktif)', 'Pertanian, Perburuan, dan Kehutanan'),
('011126', 'Pertanian Palawija Kedele (Produktif)', 'Pertanian, Perburuan, dan Kehutanan'),
('011129', 'Pertanian Palawija Kacangkacangan lainnya (Produktif)', 'Pertanian, Perburuan, dan Kehutanan'),
('011130', 'Perkebunan Tebu dan Tanaman Pemanis Lainnya (Produktif)', 'Pertanian, Perburuan, dan Kehutanan'),
('011140', 'Perkebunan Tembakau (Produktif)', 'Pertanian, Perburuan, dan Kehutanan'),
('011150', 'Perkebunan Karet dan Penghasil Getah Lainnya (Produktif)', 'Pertanian, Perburuan, dan Kehutanan'),
('011160', 'Perkebunan Tanaman Bahan Baku Tekstil dan Sejenisnya (Produktif)', 'Pertanian, Perburuan, dan Kehutanan'),
('011170', 'Perkebunan Tanaman Obat / Bahan Farmasi (Produktif)', 'Pertanian, Perburuan, dan Kehutanan'),
('011180', 'Perkebunan Tanaman Minyak Atsiri (Produktif)', 'Pertanian, Perburuan, dan Kehutanan'),
('011190', 'Perkebunan Tanaman Lainnya yang Tidak Diklasifikasikan di Tempat Lain (Produktif)', 'Pertanian, Perburuan, dan Kehutanan'),
('011211', 'Pertanian Hortikultura Sayuran yang dipanen Sekali Bawang Merah (Produktif)', 'Pertanian, Perburuan, dan Kehutanan'),
('011219', 'Pertanian Hortikultura Sayuran yang dipanen Sekali Lainnya (Produktif)', 'Pertanian, Perburuan, dan Kehutanan'),
('011220', 'Pertanian Hortikultura Sayuran yang dipanen Lebih dari Sekali (Produktif)', 'Pertanian, Perburuan, dan Kehutanan'),
('011231', 'Pertanian Hortikultura Bunga-bungaan Anggrek (Produktif)', 'Pertanian, Perburuan, dan Kehutanan'),
('011239', 'Pertanian Hortikultura Bunga-bungaan Lainnya (Produktif)', 'Pertanian, Perburuan, dan Kehutanan'),
('011240', 'Pertanian Tanaman Hias Lainnya (Produktif)', 'Pertanian, Perburuan, dan Kehutanan'),
('011250', 'Pembibitan dan Pembenihan Hortikultura Sayuran dan Bunga-bungaan (Produktif)', 'Pertanian, Perburuan, dan Kehutanan'),
('011311', 'Pertanian Buah-buahan Musiman Jeruk (Produktif)', 'Pertanian, Perburuan, dan Kehutanan'),
('011319', 'Pertanian Buah-buahan Musiman Lainnya (Produktif)', 'Pertanian, Perburuan, dan Kehutanan'),
('011321', 'Pertanian Buah-buahan Sepanjang Tahun Pisang (Produktif)', 'Pertanian, Perburuan, dan Kehutanan'),
('011329', 'Pertanian Buah-buahan Sepanjang Tahun Lainnya (Produktif)', 'Pertanian, Perburuan, dan Kehutanan'),
('011330', 'Perkebunan Kelapa (Produktif)', 'Pertanian, Perburuan, dan Kehutanan'),
('011340', 'Perkebunan Kelapa Sawit (Produktif)', 'Pertanian, Perburuan, dan Kehutanan'),
('011351', 'Perkebunan Tanaman Kopi (Produktif)', 'Pertanian, Perburuan, dan Kehutanan'),
('011352', 'Perkebunan Tanaman Teh (Produktif)', 'Pertanian, Perburuan, dan Kehutanan'),
('011353', 'Perkebunan Tanaman Coklat (Kakao) (Produktif)', 'Pertanian, Perburuan, dan Kehutanan'),
('011360', 'Perkebunan Jambu Mete (Produktif)', 'Pertanian, Perburuan, dan Kehutanan'),
('011370', 'Perkebunan Lada (Produktif)', 'Pertanian, Perburuan, dan Kehutanan'),
('011380', 'Perkebunan Cengkeh (Produktif)', 'Pertanian, Perburuan, dan Kehutanan'),
('011391', 'Perkebunan Tanaman Rempah Panili (Produktif)', 'Pertanian, Perburuan, dan Kehutanan'),
('011392', 'Perkebunan Tanaman Rempah Pala (Produktif)', 'Pertanian, Perburuan, dan Kehutanan'),
('011399', 'Perkebunan Tanaman Rempah yang Tidak Diklasifikasikan di Tempat Lain (Produktif)', 'Pertanian, Perburuan, dan Kehutanan'),
('012110', 'Pembibitan dan Budidaya Sapi Potong (Produktif)', 'Pertanian, Perburuan, dan Kehutanan'),
('012191', 'Pembibitan dan Budidaya Domba dan Kambing Potong (Produktif)', 'Pertanian, Perburuan, dan Kehutanan'),
('012192', 'Pembibitan dan Budidaya Ternak Perah (Produktif)', 'Pertanian, Perburuan, dan Kehutanan'),
('012210', 'Pembibitan dan Budidaya Babi (Produktif)', 'Pertanian, Perburuan, dan Kehutanan'),
('012291', 'Pembibitan dan Budidaya Unggas (Produktif)', 'Pertanian, Perburuan, dan Kehutanan'),
('013000', 'Kombinasi Pertanian Atau Perkebunan Dengan Peternakan (Mixed Farming) (Produktif)', 'Pertanian, Perburuan, dan Kehutanan'),
('014000', 'Jasa Pertanian, Perkebunan dan Peternakan (Produktif)', 'Pertanian, Perburuan, dan Kehutanan'),
('015000', 'Perburuan Penangkapan dan Penangkaran Satwa Liar (Produktif)', 'Pertanian, Perburuan, dan Kehutanan'),
('020100', 'Pengusahaan Hutan Tanaman (Produktif)', 'Pertanian, Perburuan, dan Kehutanan'),
('020200', 'Pengusahaan Hutan Alam (Produktif)', 'Pertanian, Perburuan, dan Kehutanan'),
('020300', 'Pengusahaan Hasil Hutan Selain Kayu (Produktif)', 'Pertanian, Perburuan, dan Kehutanan'),
('020400', 'Jasa Kehutanan (Produktif)', 'Pertanian, Perburuan, dan Kehutanan'),
('020500', 'Usaha Kehutanan Lainnya (Produktif)', 'Pertanian, Perburuan, dan Kehutanan'),
('050111', 'Penangkapan Ikan Tuna (Produktif)', 'Perikanan'),
('050119', 'Penangkapan Ikan Lainnya (Produktif)', 'Perikanan'),
('050121', 'Penangkapan Udang Laut (Produktif)', 'Perikanan'),
('050122', 'Penangkapan Crustacea Lainnya di Laut (Produktif)', 'Pertanian, Perburuan, dan Kehutanan'),
('050190', 'Perikanan Lainnya (Produktif)', 'Perikanan'),
('050211', 'Budidaya Biota Laut Udang (Produktif)', 'Perikanan'),
('050212', 'Budidaya Biota Laut Tuna (Produktif)', 'Pertanian, Perburuan, dan Kehutanan'),
('050213', 'Budidaya Biota Laut Rumput Laut (Produktif)', 'Pertanian, Perburuan, dan Kehutanan'),
('050219', 'Budidaya Biota Laut Lainnya (Produktif)', 'Perikanan'),
('050220', 'Pembenihan Biota Laut (Produktif)', 'Perikanan'),
('050310', 'Penangkapan Ikan di Perairan Umum (Produktif)', 'Perikanan'),
('050320', 'Penangkapan Crustacea, Mollusca, dan Biota Lainnya di Perairan Umum (Produktif)', 'Perikanan'),
('050411', 'Budidaya Biota Air Tawar Udang (Produktif)', 'Perikanan'),
('050419', 'Budidaya Biota Air Tawar Lainnya (Produktif)', 'Perikanan'),
('050421', 'Budidaya Biota Air Payau Udang (Produktif)', 'Pertanian, Perburuan, dan Kehutanan'),
('050429', 'Budidaya Biota Air Payau Lainnya (Produktif)', 'Perikanan'),
('050490', 'Pembenihan Biota Air Tawar dan Air Payau (Produktif)', 'Perikanan'),
('050510', 'Jasa Sarana Produksi Perikanan Laut (Produktif)', 'Perikanan'),
('050580', 'Jasa Sarana Produksi Perikanan Darat (Produktif)', 'Perikanan'),
('050590', 'Jasa Perikanan Lainnya (Produktif)', 'Perikanan'),
('101000', 'Pertambangan Batubara, Penggalian Gambut, dan Gasifikasi Batubara (Produktif)', 'Pertambangan dan Penggalian'),
('102000', 'Pembuatan Briket Batubara (Produktif)', 'Pertambangan dan Penggalian'),
('111010', 'Pertambangan Minyak dan Gas Bumi (Produktif)', 'Pertambangan dan Penggalian'),
('111020', 'Pengusahaan Tenaga Panas Bumi (Produktif)', 'Pertambangan dan Penggalian'),
('112000', 'Jasa Pertambangan Minyak dan Gas Bumi (Produktif)', 'Pertambangan dan Penggalian'),
('120000', 'Pertambangan Bijih Uranium dan Thorium (Produktif)', 'Pertambangan dan Penggalian'),
('131000', 'Pertambangan Pasir Besi dan Bijih Besi (Produktif)', 'Pertambangan dan Penggalian'),
('132010', 'Pertambangan Bijih Timah (Produktif)', 'Pertambangan dan Penggalian'),
('132020', 'Pertambangan Bijih Bauksit (Produktif)', 'Pertambangan dan Penggalian'),
('132030', 'Pertambangan Bijih Tembaga (Produktif)', 'Pertambangan dan Penggalian'),
('132040', 'Pertambangan Bijih Nikel (Produktif)', 'Pertambangan dan Penggalian'),
('132061', 'Pertambangan Emas (Produktif)', 'Pertambangan dan Penggalian'),
('132062', 'Pertambangan Perak (Produktif)', 'Pertambangan dan Penggalian'),
('132090', 'Bahan Galian Lainnya yang Tidak Mengandung Bijih Besi (Produktif)', 'Pertambangan dan Penggalian'),
('141000', 'Penggalian Batubatuan, Tanah Liat dan Pasir (Produktif)', 'Pertambangan dan Penggalian'),
('142100', 'Pertambangan Mineral, Bahan Kimia dan Bahan Pupuk (Produktif)', 'Pertambangan dan Penggalian'),
('142200', 'Ekstraksi Garam (Produktif)', 'Pertambangan dan Penggalian'),
('142900', 'Pertambangan dan Penggalian Lainnya (Produktif)', 'Pertambangan dan Penggalian'),
('151110', 'Industri Pemotongan Hewan (Produktif)', 'Industri Pengolahan'),
('151120', 'Industri Pengolahan dan Pengawetan Daging (Produktif)', 'Industri Pengolahan'),
('151200', 'Industri Pengolahan dan Pengawetan Ikan dan Biota Perairan Lainnya (Produktif)', 'Industri Pengolahan'),
('151300', 'Industri Pengolahan, Pengawetan Buah-buahan dan Sayuran (Produktif)', 'Industri Pengolahan'),
('151410', 'Industri Minyak Mentah (Minyak Makan) dari Nabati dan Hewani (Produktif)', 'Industri Pengolahan'),
('151430', 'lndustri Minyak Goreng dari Kelapa (Produktif)', 'Industri Pengolahan'),
('151440', 'Industri Minyak Goreng dari Kelapa Sawit Mentah (Produktif)', 'Industri Pengolahan'),
('151450', 'Industri Minyak Lainnya dari Nabati dan Hewani (Produktif)', 'Industri Pengolahan'),
('152000', 'Industri Susu dan Makanan dari Susu (Produktif)', 'Industri Pengolahan'),
('153110', 'Industri Penggilingan Padi dan Penyosohan Beras (Produktif)', 'Industri Pengolahan'),
('153180', 'lndustri Kopra (Produktif)', 'Industri Pengolahan'),
('153190', 'Industri Penggilingan Lainnya (Produktif)', 'Industri Pengolahan'),
('153200', 'Industri Tepung dan Pati (Produktif)', 'Industri Pengolahan'),
('153300', 'Industri Pakan Ternak (Produktif)', 'Industri Pengolahan'),
('154100', 'Industri Roti dan Sejenisnya (Produktif)', 'Industri Pengolahan'),
('154200', 'Industri Gula dan Pengolahan Gula (Produktif)', 'Industri Pengolahan'),
('154300', 'Industri Coklat dan Kernbang Gula (Produktif)', 'Industri Pengolahan'),
('154400', 'Industri Makaroni, Mie, Spagheti, Bihun, So`un dan Sejenisnya (Produktif)', 'Industri Pengolahan'),
('154911', 'Industri Pengolahan Teh (Produktif)', 'Industri Pengolahan'),
('154912', 'Industri Pengolahan Kopi (Produktif)', 'Industri Pengolahan'),
('154930', 'lndustri Kecap (Produktif)', 'Industri Pengolahan'),
('154940', 'lndustri Tempe dan Tahu (Produktif)', 'Industri Pengolahan'),
('154990', 'lndustri Makanan yang Tidak Diklasifikasikan di Tempat Lain (Produktif)', 'Industri Pengolahan'),
('155000', 'Industri Minuman (Produktif)', 'Industri Pengolahan'),
('160010', 'lndustri Pengeringan dan Pengolahan Tembakau (Produktif)', 'Industri Pengolahan'),
('160050', 'Industri Rokok (Produktif)', 'Industri Pengolahan'),
('160090', 'Industri Bumbu Rokok Serta Kelengkapan Rokok Lainnya (Produktif)', 'Industri Pengolahan'),
('171000', 'Industri Pemintalan, Pertenunan, Pengolahan Akhir Tekstil (Produktif)', 'Industri Pengolahan'),
('172000', 'Industri Barang Jadi Tekstil dan Permadani (Produktif)', 'Industri Pengolahan'),
('173000', 'Industri Perajutan Industri Perajutan (Produktif)', 'Industri Pengolahan'),
('174000', 'Industri Kapuk (Produktif)', 'Industri Pengolahan'),
('181000', 'Industri Pakaian Jadi dan perlengkapannya, Kecuali Pakaian Jadi Berbulu (Produktif)', 'Industri Pengolahan'),
('182000', 'Industri Pakaian Jadi Barang Jadi dari Kulit Berbulu dan Pencelupan Bulu (Produktif)', 'Industri Pengolahan'),
('191000', 'Industri Kulit dan Barang dari Kulit (Termasuk Kulit Buatan) (Produktif)', 'Industri Pengolahan'),
('192000', 'Industri Alas Kaki (Produktif)', 'Industri Pengolahan'),
('201000', 'Industri Penggergajian dan Pengawetan Kayu, Rotan, Bambu, dan Sejenisnya (Produktif)', 'Industri Pengolahan'),
('202100', 'Industri Kayu Lapis, Veneer, dan Sejenisnya (Produktif)', 'Industri Pengolahan'),
('202900', 'Industri Anyamanyaman, Kerajinan, Ukiran dari Kayu, dan Industri Barang Lain dari Kayu (Produktif)', 'Industri Pengolahan'),
('210100', 'Industri Bubur Kertas (Pulp), Kertas dan Karton / Paper Board (Produktif)', 'Industri Pengolahan'),
('210200', 'Industri Kemasan dan Kotak dari Kertas dan Karton (Produktif)', 'Industri Pengolahan'),
('210900', 'Industri Barang dari Kertas dan Kartan yang Tidak Diklasifikasikan di Tempat Lain (Produktif)', 'Industri Pengolahan'),
('221000', 'Industri Penerbitan (Produktif)', 'Industri Pengolahan'),
('222000', 'Industri Percetakan & Kegiatan yang Berkaitan dgn Pencetakan Trmasuk Reproduksi / Cetak Ulang(Produktif)', 'Industri Pengolahan'),
('223000', 'Reproduksi Media Rekaman, Film, dan Video (Produktif)', 'Industri Pengolahan'),
('231000', 'Industri Barang-barang dari Batubara (Produktif)', 'Industri Pengolahan'),
('232000', 'Industri Pengilangan/Industri Barang2 Hasil Pengilangan Minyak Bumi, dan Pengolahan Gas Bumi(Produktif)', 'Industri Pengolahan'),
('233000', 'Pengolahan Bahan Bakar Nuklir (Nuclear Fuel) (Produktif)', '#N/A'),
('241100', 'Industri Kimia Dasar, Kecuali Pupuk (Produktif)', 'Industri Pengolahan'),
('241200', 'Industri Pupuk (Produktif)', 'Industri Pengolahan'),
('241300', 'Industri Plastik dan Karet Buatan (Produktif)', 'Industri Pengolahan'),
('242100', 'Industri Bahan Baku Pemberantas Hama dan Pemberantas Hama Termasuk Zat Pengatur Tumbuh (Produktif)', 'Industri Pengolahan'),
('242200', 'Industri Cat, Pernis dan Lak (Produktif)', 'Industri Pengolahan'),
('242300', 'Industri Farmasi dan Jamu (Produktif)', 'Industri Pengolahan'),
('242400', 'Industri Sabun dan Bahan Pembersih Keperluan Rumah Tangga, Kosmetik dan Sejenisnya (Produktif)', 'Industri Pengolahan'),
('242940', 'Industri Minyak Atsiri (Produktif)', 'Industri Pengolahan'),
('242990', 'Industri Bahan Kimia dan Barang Kimia Lainnya (Produktif)', 'Industri Pengolahan'),
('243000', 'Industri Serat Buatan (Produktif)', 'Industri Pengolahan'),
('251210', 'Industri Pengasapan Karet (Produktif)', 'Industri Pengolahan'),
('251220', 'Industri Remilling Karet (Produktif)', 'Industri Pengolahan'),
('251230', 'Industri Karet Remah (Crumb Rubber) (Produktif)', 'Industri Pengolahan'),
('251900', 'Industri Barang-barang lain dari Karet (Produktif)', 'Industri Pengolahan'),
('252000', 'Industri Barang dari Plastik (Produktif)', 'Industri Pengolahan'),
('261000', 'Industri Gelas dan Barang dari Gelas (Produktif)', 'Industri Pengolahan'),
('262000', 'Industri Barang-barang dari Porselin (Produktif)', 'Industri Pengolahan'),
('263000', 'Industri Pengolahan Tanah Liat / Keramik (Produktif)', 'Industri Pengolahan'),
('264000', 'Industri Semen, Kapur dan Gips, Serta Barang-barang dari Semen, dan Kapur (Produktif)', 'Industri Pengolahan'),
('265000', 'Industri Barang-barang dari Batu (Produktif)', 'Industri Pengolahan'),
('266000', 'Industri Barang-barang dari Asbes (Produktif)', 'Industri Pengolahan'),
('269000', 'Industri Barang-barang Galian Bukan Logam Lainnya (Produktif)', 'Industri Pengolahan'),
('271000', 'Industri Logam Dasar Besi dan Baja (Produktif)', 'Industri Pengolahan'),
('272000', 'Industri Logam Dasar Bukan Besi (Produktif)', 'Industri Pengolahan'),
('273100', 'Industri Pengecoran Besi dan Baja (Produktif)', 'Industri Pengolahan'),
('273200', 'Industri pengecoran Logam Bukan Besi dan Baja (Produktif)', 'Industri Pengolahan'),
('281000', 'Industri Barang-barang Logam Siap Pasang Untuk Bangunan, Pembuatan Tangki, dan Generator Uap (Produktif)', 'Industri Pengolahan'),
('289300', 'Industri Alatalat Pertanian, Pertukangan, Pemotong, dan Peralatan lainnya dari Logam (Produktif)', 'Industri Pengolahan'),
('289900', 'Industri Barang Logam yang Tidak Diklasifikasikan di Tempat Lain (Produktif)', 'Industri Pengolahan'),
('291000', 'Industri Mesin-mesin Umum (Produktif)', 'Industri Pengolahan'),
('292100', 'Industri Mesin Pertanian dan Kehutanan, Serta Jasa Penunjang Pemeliharaan dan Perbaikannya (Produktif)', 'Industri Pengolahan'),
('292400', 'Industri Mesin-mesin Untuk Pertambangan, Penggalian dan Konstruksi (Produktif)', 'Industri Pengolahan'),
('292500', 'lndustri Mesin Untuk Pengolahan Makanan, Minuman dan Tembakau (Produktif)', 'Industri Pengolahan'),
('292600', 'Industri Mesin-mesin Tekstil, Produk Tekstil, dan Barang-barang dari Kulit (Produktif)', 'Industri Pengolahan'),
('292900', 'Industri Mesin-mesin Khusus Lainnya (Produktif)', 'Industri Pengolahan'),
('293000', 'Industri Peralatan Rumah Tangga yang Tidak Diklasifikasikan di Tempat Lain (Produktif)', 'Industri Pengolahan'),
('300000', 'Industri Mesin dan Peralatan Kantor, Akuntansi, dan Pengolahan Data (Produktif)', 'Industri Pengolahan'),
('311000', 'Industri Motor Listrik, Generator, dan Transformator (Produktif)', 'Industri Pengolahan'),
('312000', 'Industri Peralatan Pengontrol dan Pendistribusian Listrik (Produktif)', 'Industri Pengolahan'),
('313000', 'Industri Kabel Listrik dan Telepon (Produktif)', 'Industri Pengolahan'),
('314000', 'Industri Akumulator Listrik dan Batu Baterai (Produktif)', 'Industri Pengolahan'),
('315000', 'Industri Bola Lampu Pijar dan Lampu Penerangan (Produktif)', 'Industri Pengolahan'),
('319000', 'Industri Peralatan Listrik yang Tidak Diklasifikasikan di Tempat lain (Produktif)', 'Industri Pengolahan'),
('321000', 'Industri Tabung dan Katup Elektronik Serta Komponen Elektronik lainnya (Produktif)', 'Industri Pengolahan'),
('322000', 'Industri Alat Transmisi Komunikasi (Produktif)', 'Industri Pengolahan'),
('323000', 'Industri Radio, Televisi, Alatalat Rekaman Suara dan Gambar, dan Sejenisnya (Produktif)', 'Industri Pengolahan'),
('331000', 'Industri Pralatan Kedokteran & Pralatan utk Mngukur,Priksa,Uji,& Bagian Lain,Kcuali Alat Optik(Produktif)', 'Industri Pengolahan'),
('332000', 'Industri Instrumen Optik dan Peralatan Fotografi (Produktif)', 'Industri Pengolahan'),
('333000', 'Industri Jam, Lonceng, dan Sejenisnya (Produktif)', 'Industri Pengolahan'),
('341000', 'Industri Kendaraan Bermotor Roda Empat Atau Lebih (Produktif)', 'Industri Pengolahan'),
('342000', 'Industri Karoseri Kendaraan Bermotor Roda Empat Atau Lebih (Produktif)', 'Industri Pengolahan'),
('343000', 'Industri Perlengkapan dan Komponen Kendaraan Bermotor Roda Empat Atau Lebih (Produktif)', 'Industri Pengolahan'),
('351000', 'Industri Pembuatan dan Perbaikan Kapal dan Perahu (Produktif)', 'Industri Pengolahan'),
('352000', 'Industri Kereta Api, Bagianbagian dan Perlengkapannya, Serta Perbaikan Kereta Api (Produktif)', 'Industri Pengolahan'),
('353000', 'Industri Pesawat Terbang dan Perlengkapannya Serta Perbaikan Pesawat Terbang (Produktif)', 'Industri Pengolahan'),
('359100', 'Industri Kendaraan Bermotor Roda Dua dan Tiga Serta Komponen dan Perlengkapannya (Produktif)', 'Industri Pengolahan'),
('359900', 'Industri Alat Angkut yang Tidak Diklasifikasikan di Tempat Lain (Produktif)', 'Industri Pengolahan'),
('361000', 'Industri Furnitur (Produktif)', 'Industri Pengolahan'),
('369000', 'Industri Pengolahan Lainnya (Produktif)', 'Industri Pengolahan'),
('371000', 'Daur Ulang Barang-barang Logam (Produktif)', 'Industri Pengolahan'),
('372000', 'Daur Ulang Barang-barang Bukan logam (Produktif)', 'Industri Pengolahan'),
('401001', 'Ketenagalistrikan Pedesaan (Produktif)', 'Listrik, Gas, dan Air'),
('401002', 'Ketenagalistrikan Lainnya (Produktif)', 'Listrik, Gas, dan Air'),
('402000', 'Gas (Produktif)', 'Listrik, Gas, dan Air'),
('403000', 'Uap dan Air Panas (Produktif)', 'Listrik, Gas, dan Air'),
('410000', 'Pengadaan dan Penyaluran Air Bersih (Produktif)', 'Listrik, Gas, dan Air'),
('451001', 'Penyiapan Tanah Pemukiman Transmigrasi (PTPT) (Produktif)', 'Konstruksi'),
('451002', 'Pencetakan Lahan Sawah (Produktif)', 'Konstruksi'),
('451009', 'Penyiapan Lahan Lainnya (Produktif)', 'Konstruksi'),
('452111', 'Konstruksi Perumahan Sederhana  Bank Tabungan Negara (Produktif)', 'Konstruksi'),
('452112', 'Konstruksi Perumahan Sederhana  Perumnas (Produktif)', 'Konstruksi'),
('452113', 'Konstruksi Perumahan Sederhana  Lainnya Tipe s.d. 21 (Produktif)', 'Konstruksi'),
('452114', 'Konstruksi Perumahan Sederhana  Lainnya Tipe 22 s.d. 70 (Produktif)', 'Konstruksi'),
('452115', 'Konstruksi Perumahan Menengah, Besar, Mewah (Tipe Diatas 70) (Produktif)', 'Konstruksi'),
('452120', 'Konstruksi Gedung Perkantoran (Produktif)', 'Konstruksi'),
('452130', 'Konstruksi Gedung Industri (Produktif)', 'Konstruksi'),
('452141', 'Konstruksi Gedung Perbelanjaan Pasar Inpres (Produktif)', 'Konstruksi'),
('452149', 'Konstruksi Gedung Perbelanjaan Lainnya (Produktif)', 'Konstruksi'),
('452190', 'Konstruksi Gedung Lainnya (Produktif)', 'Konstruksi'),
('452211', 'Bangunan Jalan Raya (Produktif)', 'Konstruksi'),
('452212', 'Bangunan Jalan Tol (Produktif)', 'Konstruksi'),
('452213', 'Bangunan Jalan Jembatan dan Landasan (Produktif)', 'Konstruksi'),
('452220', 'Bangunan Jalan dan Jembatan Kereta Api (Produktif)', 'Konstruksi'),
('452240', 'Bangunan Pengairan (Irigasi) (Produktif)', 'Konstruksi'),
('452270', 'Bangunan Dermaga (Pelabuhan) (Produktif)', 'Konstruksi'),
('452290', 'Bangunan Sipil Lainnya (Produktif)', 'Konstruksi'),
('452301', 'Konstruksi Bangunan Listrik Pedesaan (Produktif)', 'Konstruksi'),
('452309', 'Konstruksi Bangunan Elektrikal dan Komunikasi Lainnya (Produktif)', 'Konstruksi'),
('452400', 'Konstruksi Khusus (Produktif)', 'Konstruksi'),
('453100', 'Instalasi Gedung (Produktif)', 'Konstruksi'),
('453200', 'Instalasi Bangunan Sipil (Produktif)', 'Konstruksi'),
('454000', 'Penyelesaian Konstruksi Gedung (Produktif)', 'Konstruksi'),
('455000', 'Penghancur Bangunan Dengan Operatornya (Produktif)', 'Konstruksi'),
('501000', 'Penjualan Mobil (Produktif)', 'Perdagangan Besar dan Eceran'),
('502000', 'Penjualan Suku Cadang dan Aksesoris Mobil (Produktif)', 'Perdagangan Besar dan Eceran'),
('503001', 'Penjualan Sepeda Motor (Produktif)', 'Perdagangan Besar dan Eceran'),
('503002', 'Penjualan Suku Cadang dan Aksesoris Sepeda Motor (Produktif)', 'Perdagangan Besar dan Eceran'),
('504000', 'Perdagangan Eceran Bahan Bakar Kendaraan (Produktif)', 'Perdagangan Besar dan Eceran'),
('511000', 'Perdagangan Besar Berdasarkan Balas Jasa (Fee) Atau Kontrak (Produktif)', 'Perdagangan Besar dan Eceran'),
('512111', 'Perdagangan Jagung (Produktif)', 'Perdagangan Besar dan Eceran'),
('512112', 'Perdagangan Tembakau (Produktif)', 'Perdagangan Besar dan Eceran'),
('512113', 'Perdagangan Karet (Produktif)', 'Perdagangan Besar dan Eceran'),
('512114', 'Perdagangan Cengkeh (Produktif)', 'Perdagangan Besar dan Eceran'),
('512115', 'Perdagangan Lada (Produktif)', 'Perdagangan Besar dan Eceran'),
('512116', 'Perdagangan Kelapa dan Kelapa Sawit (Produktif)', 'Perdagangan Besar dan Eceran'),
('512117', 'Perdagangan Kapas (Produktif)', 'Perdagangan Besar dan Eceran'),
('512119', 'Perdagangan Besar Dalam Negeri Hasil Pertanian Lainnya (Produktif)', 'Perdagangan Besar dan Eceran'),
('512120', 'Perdagangan Besar Dalam Negeri Binatang Hidup (Produktif)', 'Perdagangan Besar dan Eceran'),
('512130', 'Perdagangan Besar Dalam Negeri Hasil Perikanan (Produktif)', 'Perdagangan Besar dan Eceran'),
('512141', 'Perdagangan Kayu (Produktif)', 'Perdagangan Besar dan Eceran'),
('512149', 'Perdagangan Besar Dalam Negeri Hasil Kehutanan dan Perburuan Lainnya (Produktif)', 'Perdagangan Besar dan Eceran'),
('512201', 'Perdagangan Dalam Negeri Beras (Produktif)', 'Perdagangan Besar dan Eceran'),
('512202', 'Perdagangan Dalam Negeri Gula (Produktif)', 'Perdagangan Besar dan Eceran'),
('512203', 'Perdagangan Dalam Negeri Kopi (Produktif)', 'Perdagangan Besar dan Eceran'),
('512204', 'Perdagangan Dalam Negeri Teh (Produktif)', 'Perdagangan Besar dan Eceran'),
('512205', 'Perdagangan Dalam Negeri Garam (Produktif)', 'Perdagangan Besar dan Eceran'),
('512206', 'Perdagangan Dalam Negeri Minyak Kelapa Sawit (Produktif)', 'Perdagangan Besar dan Eceran'),
('512207', 'Perdagangan Dalam Negeri Kopra (Produktif)', 'Perdagangan Besar dan Eceran'),
('512208', 'Perdagangan Dalam Negeri Rokok (Produktif)', 'Perdagangan Besar dan Eceran'),
('512209', 'Perdagangan Dalam Negeri Makanan, Minuman dan Tembakau Lainnya (Produktif)', 'Perdagangan Besar dan Eceran'),
('513100', 'Perdagangan Besar Tekstil, Pakaian Jadi, dan Kulit (Produktif)', 'Perdagangan Besar dan Eceran'),
('513900', 'Perdagangan Besar Barang-barang Keperluan Rumah Tangga lainnya (Produktif)', 'Perdagangan Besar dan Eceran'),
('514100', 'Perdagangan Besar Bahan Bakar Gas, Cair, dan Padat, Serta Produk Sejenis (Produktif)', 'Perdagangan Besar dan Eceran'),
('514200', 'Perdagangan Besar Logam dan Bijih Logam (Produktif)', 'Perdagangan Besar dan Eceran'),
('514301', 'Perdagangan Dalam Negeri Semen (Produktif)', 'Perdagangan Besar dan Eceran'),
('514302', 'Perdagangan Dalam Negeri Besi Beton (Produktif)', 'Perdagangan Besar dan Eceran'),
('514309', 'Perdagangan Dalam Negeri Bahanbahan Konstruksi Lainnya (Produktif)', 'Perdagangan Besar dan Eceran'),
('514901', 'Perdagangan Dalam Negeri Pupuk dan Obat Hama (Produktif)', 'Perdagangan Besar dan Eceran'),
('514909', 'Perdagangan Dalam Negeri Barang Antara Lainnya (Produktif)', 'Perdagangan Besar dan Eceran'),
('515000', 'Perdagangan Besar Mesin-mesin, Suku Cadang dan Perlengkapannya (Produktif)', 'Perdagangan Besar dan Eceran'),
('519001', 'Perdagangan Dalam Negeri Kertas Koran (Produktif)', 'Perdagangan Besar dan Eceran'),
('519009', 'Perdagangan Dalam Negeri yang Tidak Diklasifikasikan di Tempat Lain (Produktif)', 'Perdagangan Besar dan Eceran'),
('521100', 'Perdagangan Eceran Berbagai Macam Barang yang Didominasi Makanan, Minuman dan Tembakau (Produktif)', 'Perdagangan Besar dan Eceran'),
('521900', 'Perdagangan Eceran Brbagai Macam Brng yg didominasi oleh Barang bkn Makanan, Minuman & Tmbakau(Produktif)', 'Perdagangan Besar dan Eceran'),
('522100', 'Perdagangan Eceran Komoditi Makanan dari Hasil Pertanian (Produktif)', 'Perdagangan Besar dan Eceran'),
('522200', 'Perdagangan Eceran Komoditi Makanan, Minuman, Atau Tembakau Hasil Industri Pengolahan (Produktif)', 'Perdagangan Besar dan Eceran'),
('523100', 'Perdagangan Eceran Bahan Kimia, Farmasi, Kosmetik, dan Alat Laboratorium (Produktif)', 'Perdagangan Besar dan Eceran'),
('523200', 'Perdagangan Eceran Tekstil, Pakaian Jadi, Alas Kaki, dan Barang Keperluan Pribadi (Produktif)', 'Perdagangan Besar dan Eceran'),
('523300', 'Perdagangan Eceran Perlengkapan Rumah Tangga dan Perlengkapan Dapur (Produktif)', 'Perdagangan Besar dan Eceran'),
('523400', 'Perdagangan Eceran Bahan Konstruksi (Produktif)', 'Perdagangan Besar dan Eceran'),
('523500', 'Perdagangan Eceran Bahan Bakar dan Minyak Pelumas (Produktif)', 'Perdagangan Besar dan Eceran'),
('523600', 'Perdagangan Eceran Kertas,Brng2 dr Kertas, Alat Tulis/ATK,Alat Olahraga/Musik/Ftografi,Kmputer(Produktif)', 'Perdagangan Besar dan Eceran'),
('523700', 'Perdagangan Eceran Mesin2(Kcuali Mobil & Spd Motor)& Onderdil,trmasuk Alat2 Transportasi(Produktif)', 'Perdagangan Besar dan Eceran'),
('523800', 'Perdagangan Eceran Barang-barang Kerajinan, Mainan Anakanak, dan Lukisan (Produktif)', 'Perdagangan Besar dan Eceran'),
('523900', 'Perdagangan Eceran Komoditi Lainnya (Bukan Makanan, Minuman, Atau Tembakau) (Produktif)', 'Perdagangan Besar dan Eceran'),
('524000', 'Perdagangan Eceran Barang Bekas (Produktif)', 'Perdagangan Besar dan Eceran'),
('525100', 'Perdagangan Eceran Kaki Lima Komoditi dari Hasil Pertanian (Produktif)', 'Perdagangan Besar dan Eceran'),
('525200', 'Perdagangan Eceran Kaki Lima Komoditi Makanan, Minuman Hasil Industri Pengolahan (Produktif)', 'Perdagangan Besar dan Eceran'),
('525300', 'Perdagangan Eceran Kaki Lima Bahan Kimia, Frmasi, Kosmetik, dan Alat Laboratorium (Produktif)', 'Perdagangan Besar dan Eceran'),
('525400', 'Perdagangan Eceran Kaki Lima Tekstil, Pakaian Jadi, Alas Kaki, dan Barang Keperluan Pribadi (Produktif)', 'Perdagangan Besar dan Eceran'),
('525500', 'Perdagangan Eceran Kaki Lima Perlengkapan Rumah Tangga dan Perlengkapan Dapur (Produktif)', 'Perdagangan Besar dan Eceran'),
('525600', 'Perdagangan Eceran Kaki Lima Bahan Bakar dan Pelumas (Produktif)', 'Perdagangan Besar dan Eceran'),
('525700', 'Prdgngan Eceran Kaki 5 -Krtas,Brg2 dr Krtas,ATK,Alat Olahraga/Musik/Ftografi,& Kmputer(Produktif)', 'Perdagangan Besar dan Eceran'),
('525800', 'Perdagangan Eceran Kaki Lima Barang-barang kerajinan, mainan anakanak, dan ILlkisan (Produktif)', 'Perdagangan Besar dan Eceran'),
('525900', 'Perdagangan Eceran Kaki Lima Barang-barang Bekas (Produktif)', 'Perdagangan Besar dan Eceran'),
('526000', 'Perdagangan Eceran Kaki Lima Lainnya (Produktif)', 'Perdagangan Besar dan Eceran'),
('527100', 'Perdagangan Eceran Melalui Media (Produktif)', 'Perdagangan Besar dan Eceran'),
('527200', 'Perdagangan Eceran Keliling (Produktif)', 'Perdagangan Besar dan Eceran'),
('531000', 'Perdagangan Ekspor Berdasarkan Balas Jasa (Fee) Atau Kontrak (Produktif)', 'Perdagangan Besar dan Eceran'),
('532111', 'Perdagangan Ekspor Biji Kelapa Sawit (Produktif)', 'Perdagangan Besar dan Eceran'),
('532112', 'Perdagangan Ekspor Hasil Tanaman Pangan dan Perkebunan (Produktif)', 'Perdagangan Besar dan Eceran'),
('532119', 'Perdagangan Ekspor Bahan Baku Hasil Pertanian Lainnya (Produktif)', 'Perdagangan Besar dan Eceran'),
('532120', 'Perdagangan Ekspor Binatang Hidup (Produktif)', 'Perdagangan Besar dan Eceran'),
('532130', 'Perdagangan Ekspor Hasil Perikanan (Produktif)', 'Perdagangan Besar dan Eceran'),
('532141', 'Perdagangan Ekspor Kayu (Produktif)', 'Perdagangan Besar dan Eceran'),
('532142', 'Perdagangan Ekspor Rotan (Produktif)', 'Perdagangan Besar dan Eceran'),
('532149', 'Perdagangan Ekspor Hasil Hutan Selain Kayu dan Rotan (Produktif)', 'Perdagangan Besar dan Eceran'),
('532201', 'Perdagangan Ekspor Udang Olahan (Produktif)', 'Perdagangan Besar dan Eceran'),
('532202', 'Perdagangan Ekspor Teh (Produktif)', 'Perdagangan Besar dan Eceran'),
('532203', 'Perdagangan Ekspor Kopi Bubuk (Produktif)', 'Perdagangan Besar dan Eceran'),
('532204', 'Perdagangan Ekspor Tembakau (Produktif)', 'Perdagangan Besar dan Eceran'),
('532209', 'Perdagangan Ekspor Makanan dan Minuman Lainnya (Produktif)', 'Perdagangan Besar dan Eceran'),
('533101', 'Perdagangan Ekspor Tekstil (Produktif)', 'Perdagangan Besar dan Eceran'),
('533102', 'Perdagangan Ekspor Pakaian Jadi (Produktif)', 'Perdagangan Besar dan Eceran'),
('533103', 'Perdagangan Ekspor Kulit (Produktif)', 'Perdagangan Besar dan Eceran'),
('533900', 'Perdagangan Ekspor Barang-barang Keperluan Rumah Tangga Lainnya (Produktif)', 'Perdagangan Besar dan Eceran'),
('534100', 'Perdagangan Ekspor Bahan Bakar Gas, Cair, dan Padat Serta Produk Sejenis (Produktif)', 'Perdagangan Besar dan Eceran'),
('534201', 'Perdagangan Ekspor Bijih Timah (Produktif)', 'Perdagangan Besar dan Eceran'),
('534202', 'Perdagangan Ekspor Bijih Logam Selain Timah (Produktif)', 'Perdagangan Besar dan Eceran'),
('534203', 'Perdagangan Ekspor Batu Bara (Produktif)', 'Perdagangan Besar dan Eceran'),
('534209', 'Perdagangan Ekspor Logam dan Bijih Logam (hasil Pertambangan dan Penggalian) Lainnya (Produktif)', 'Perdagangan Besar dan Eceran'),
('534301', 'Perdagangan Ekspor Kayu Lapis (Produktif)', 'Perdagangan Besar dan Eceran'),
('534309', 'Perdagangan Ekspor  Bahanbahan Konstruksi (kecuali Bahan Hasil Penggalian) Lainnya (Produktif)', 'Perdagangan Besar dan Eceran'),
('534900', 'Prdagangan Ekspor Produk Antara (Intrmdiate Products), Brng2 Bekas & Sisa2 Tak Trpakai(Scrap) (Produktif)', 'Perdagangan Besar dan Eceran'),
('535000', 'Perdagangan Ekspor Mesin-mesin, Suku Cadang dan Perlengkapannya (Produktif)', 'Perdagangan Besar dan Eceran'),
('539011', 'Perdagangan Ekspor Kayu Gergajian (Produktif)', 'Perdagangan Besar dan Eceran'),
('539012', 'Perdagangan Ekspor Kopi Bijian (Produktif)', 'Perdagangan Besar dan Eceran'),
('539013', 'Perdagangan Ekspor Tembakau (Produktif)', 'Perdagangan Besar dan Eceran'),
('539014', 'Perdagangan Ekspor Karet (Produktif)', 'Perdagangan Besar dan Eceran'),
('539015', 'Perdagangan Ekspor Lada (Produktif)', 'Perdagangan Besar dan Eceran'),
('539016', 'Perdagangan Ekspor Minyak Kelapa Sawit Mentah (Produktif)', 'Perdagangan Besar dan Eceran'),
('539017', 'Perdagangan Ekspor Minyak Biji Kelapa Sawit (Produktif)', 'Perdagangan Besar dan Eceran'),
('539018', 'Perdagangan Ekspor Bungkil Kopra (Produktif)', 'Perdagangan Besar dan Eceran'),
('539019', 'Perdagangan Ekspor Hasil Pertanian, Perkebunan, dan Kehutanan Lainnya (Produktif)', 'Perdagangan Besar dan Eceran'),
('539021', 'Perdagangan Ekspor Hewan yang Sudah Diolah (Produktif)', 'Perdagangan Besar dan Eceran'),
('539022', 'Perdagangan Ekspor Bahan Makanan Lainnya (Produktif)', 'Perdagangan Besar dan Eceran'),
('539023', 'Perdagangan Ekspor Hasil Tambang Setengah Jadi (Produktif)', 'Perdagangan Besar dan Eceran'),
('539029', 'Perdagangan Ekspor Barang Setengah Jadi Lainnya (Produktif)', 'Perdagangan Besar dan Eceran'),
('539031', 'Perdagangan Ekspor Barang Kerajinan dari Kayu dan Rotan (Produktif)', 'Perdagangan Besar dan Eceran'),
('539032', 'Perdagangan Ekspor Barang Kerajinan selain dari Kayu dan Rotan (Produktif)', 'Perdagangan Besar dan Eceran'),
('539034', 'Perdagangan Ekspor Jasa Konstruksi (Produktif)', 'Perdagangan Besar dan Eceran'),
('539039', 'Perdagangan Ekspor yang Tidak Diklasifikasikan di Tempat Lain (Produktif)', 'Perdagangan Besar dan Eceran'),
('541000', 'Perdagangan Impor Berdasarkan Balas Jasa (Fee) Atau Kontrak (Produktif)', 'Perdagangan Besar dan Eceran'),
('542101', 'Perdagangan Impor Cengkeh (Produktif)', 'Perdagangan Besar dan Eceran'),
('542102', 'Perdagangan Impor Biji Gandum (Produktif)', 'Perdagangan Besar dan Eceran'),
('542103', 'Perdagangan Impor Jagung (Produktif)', 'Perdagangan Besar dan Eceran'),
('542104', 'Perdagangan Impor Kacang Kedelai (Produktif)', 'Perdagangan Besar dan Eceran'),
('542109', 'Perdagangan Impor Bahan Baku Hasil Pertanian, dan Binatang Hidup Lainnya (Produktif)', 'Perdagangan Besar dan Eceran'),
('542201', 'Perdagangan Impor Beras (Produktif)', 'Perdagangan Besar dan Eceran'),
('542202', 'Perdagangan Impor Gula (Produktif)', 'Perdagangan Besar dan Eceran'),
('542209', 'Perdagangan Impor Makanan, Minuman, dan Tembakau Lainnya (Produktif)', 'Perdagangan Besar dan Eceran'),
('543100', 'Perdagangan Impor Tekstil, Pakaian Jadi, dan Kulit (Produktif)', 'Perdagangan Besar dan Eceran'),
('543900', 'Perdagangan Impor Barang-barang Keperluan Rumah Tangga lainnya (Produktif)', 'Perdagangan Besar dan Eceran'),
('544100', 'Perdagangan Impor Bahan Bakar Gas, Cair, dan Padat Serta Produk Sejenis (Produktif)', 'Perdagangan Besar dan Eceran'),
('544200', 'Perdagangan Impor Logam dan Bijih Logam (Produktif)', 'Perdagangan Besar dan Eceran'),
('544301', 'Perdagangan Impor Besi Beton (Produktif)', 'Perdagangan Besar dan Eceran'),
('544309', 'Perdagangan Impor Bahanbahan Konstruksi Lainnya (Produktif)', 'Perdagangan Besar dan Eceran'),
('544901', 'Perdagangan Impor Pupuk dan Obat Hama (Produktif)', 'Perdagangan Besar dan Eceran'),
('544902', 'Perdagangan Impor Farmasi (Produktif)', 'Perdagangan Besar dan Eceran'),
('544909', 'Perdagangan Impor Barang Antara Lainnya (Produktif)', 'Perdagangan Besar dan Eceran'),
('545001', 'Perdagangan Impor Suku Cadang Industri (Produktif)', 'Perdagangan Besar dan Eceran'),
('545009', 'Perdagangan Impor Suku Cadang  Mesin-mesin, Suku Cadang dan Perlengkapannya Lainnya (Produktif)', 'Perdagangan Besar dan Eceran'),
('549000', 'Perdagangan Impor Lainnya (Produktif)', 'Perdagangan Besar dan Eceran'),
('551100', 'Hotel Bintang (Produktif)', 'Penyediaan Akomodasi dan Penyediaan Makan Minum'),
('551200', 'Hotel Melati (Produktif)', 'Penyediaan Akomodasi dan Penyediaan Makan Minum'),
('551900', 'Jasa Akomodasi Lainnya (Produktif)', 'Penyediaan Akomodasi dan Penyediaan Makan Minum'),
('552009', 'Penyediaan Makan Minum Lainnya (Produktif)', 'Penyediaan Akomodasi dan Penyediaan Makan Minum'),
('552100', 'Restoran / Rumah Makan (Produktif)', 'Penyediaan Akomodasi dan Penyediaan Makan Minum'),
('601000', 'Angkutan Jalan Rel (Produktif)', 'Transportasi, Pergudangan, dan Komunikasi'),
('602100', 'Angkutan Jalan Dalam Trayek Untuk Penumpang (Produktif)', 'Transportasi, Pergudangan, dan Komunikasi'),
('602200', 'Angkutan Jalan Tidak Dalam Trayek Untuk Penumpang (Produktif)', 'Transportasi, Pergudangan, dan Komunikasi'),
('602300', 'Angkutan Jalan Untuk Barang (Produktif)', 'Transportasi, Pergudangan, dan Komunikasi'),
('603000', 'Angkutan Dengan Saluran Pipa (Produktif)', 'Transportasi, Pergudangan, dan Komunikasi'),
('611100', 'Angkutan Laut Domestik (Produktif)', 'Transportasi, Pergudangan, dan Komunikasi'),
('611200', 'Angkutan Laut Internasional (Produktif)', 'Transportasi, Pergudangan, dan Komunikasi'),
('612100', 'Angkutan Sungai dan Danau (Produktif)', 'Transportasi, Pergudangan, dan Komunikasi'),
('612200', 'Angkutan Penyeberangan Domestik (Produktif)', 'Transportasi, Pergudangan, dan Komunikasi'),
('621000', 'Angkutan Udara Berjadwal (Produktif)', 'Transportasi, Pergudangan, dan Komunikasi'),
('622000', 'Angkutan Udara Tidak Berjadwal (Produktif)', 'Transportasi, Pergudangan, dan Komunikasi'),
('623000', 'Angkutan Udara Khusus (Produktif)', 'Transportasi, Pergudangan, dan Komunikasi'),
('631000', 'Jasa Pelayanan Bongkar Muat Barang (Produktif)', 'Transportasi, Pergudangan, dan Komunikasi'),
('632000', 'Pergudangan, Jasa Cold Storage, dan Jasa Wilayah Berikat (Produktif)', 'Transportasi, Pergudangan, dan Komunikasi'),
('633000', 'Jasa Penunjang Angkutan Kecuali Jasa Bongkar Muat dan Pergudangan (Produktif)', 'Transportasi, Pergudangan, dan Komunikasi'),
('634000', 'Jasa Perjalanan Wisata (Produktif)', 'Transportasi, Pergudangan, dan Komunikasi'),
('635000', 'Jasa Pengiriman dan Pengepakan (Produktif)', 'Transportasi, Pergudangan, dan Komunikasi'),
('641000', 'Pos Nasional, Unit Pelayanan Pos dan Jasa Kurir (Produktif)', 'Transportasi, Pergudangan, dan Komunikasi'),
('642000', 'Jaringan Telekomunikasi (Produktif)', 'Transportasi, Pergudangan, dan Komunikasi'),
('643000', 'Jasa Telekomunikasi (Produktif)', 'Transportasi, Pergudangan, dan Komunikasi'),
('644000', 'Telekomunikasi Khusus (Produktif)', 'Transportasi, Pergudangan, dan Komunikasi'),
('651000', 'Perantara Moneter (Bank) (Produktif)', 'Perantara Keuangan'),
('659001', 'Perantara Keuangan Lainnya (Non Bank) Leasing (Produktif)', 'Perantara Keuangan'),
('659009', 'Perantara Keuangan Lainnya (Non Bank) Selain Leasing (Produktif)', 'Perantara Keuangan'),
('660000', 'Asuransi dan Dana Pensiun (Produktif)', 'Perantara Keuangan'),
('671001', 'Jasa Penukaran Mata Uang atau Pedagang Valuta Asing (Money Changer) (Produktif)', 'Perantara Keuangan'),
('671002', 'Jasa Penunjang Perantara Keuangan Lainnya (Produktif)', 'Perantara Keuangan'),
('672000', 'Jasa Penunjang Asuransi dan dana Pensiun (Produktif)', 'Perantara Keuangan'),
('701001', 'Real Estate Perumahan Sederhana  Perumnas (Produktif)', 'Real Estate, Usaha Persewaan, dan Jasa Perusahaan'),
('701002', 'Real Estate Perumahan Sederhana  Selain Perumnas s.d. Tipe 21 (Produktif)', 'Real Estate, Usaha Persewaan, dan Jasa Perusahaan'),
('701003', 'Real Estate Perumahan Sederhana  Selain Perumnas s.d. Tipe 22 s.d. 70 (Produktif)', 'Real Estate, Usaha Persewaan, dan Jasa Perusahaan'),
('701004', 'Real Estate Perumahan Menengah, Besar Atau Mewah (Tipe Diatas 70) (Produktif)', 'Real Estate, Usaha Persewaan, dan Jasa Perusahaan'),
('701005', 'Real Estate Perumahan Flat / Apartemen (Produktif)', 'Real Estate, Usaha Persewaan, dan Jasa Perusahaan'),
('701006', 'Real Estate Gedung Perbelanjaan (Mal, Plaza) (Produktif)', 'Real Estate, Usaha Persewaan, dan Jasa Perusahaan'),
('701007', 'Real Estate Gedung Perkantoran (Produktif)', 'Real Estate, Usaha Persewaan, dan Jasa Perusahaan'),
('701008', 'Real Estate Gedung Rumah Toko (Ruko) atau Rumah Kantor (Rukan) (Produktif)', 'Real Estate, Usaha Persewaan, dan Jasa Perusahaan'),
('701009', 'Real Estate Lainnya (Produktif)', 'Real Estate, Usaha Persewaan, dan Jasa Perusahaan'),
('702000', 'Real Estate Atas Dasar Balas Jasa (Fee) Atau Kontrak (Produktif)', 'Real Estate, Usaha Persewaan, dan Jasa Perusahaan'),
('703000', 'Kawasan Pariwisata dan Penyediaan Sarana Wisata Tirta Kawasan Pariwisata (Produktif)', 'Real Estate, Usaha Persewaan, dan Jasa Perusahaan'),
('711100', 'Persewaan Alat Transportasi Darat (Produktif)', 'Real Estate, Usaha Persewaan, dan Jasa Perusahaan'),
('711200', 'Persewaan Alat Transportasi Air (Produktif)', 'Real Estate, Usaha Persewaan, dan Jasa Perusahaan'),
('711300', 'Persewaan Alat Transportasi Udara (Produktif)', 'Real Estate, Usaha Persewaan, dan Jasa Perusahaan'),
('712100', 'Persewaan Mesin Pertanian dan Peralatannya (Produktif)', 'Real Estate, Usaha Persewaan, dan Jasa Perusahaan'),
('712200', 'Persewaan Mesin Konstruksi dan Teknik Sipil dan Peralatannya (Produktif)', 'Real Estate, Usaha Persewaan, dan Jasa Perusahaan'),
('712300', 'Persewaan Mesin Kantor dan Peralatannya (Termasuk Komputer) (Produktif)', 'Real Estate, Usaha Persewaan, dan Jasa Perusahaan'),
('712900', 'Persewaan Mesin Lainnya dan Peralatannya yang Tidak Diklasifikasikan di Tempat Lain (Produktif)', 'Real Estate, Usaha Persewaan, dan Jasa Perusahaan'),
('713000', 'Persewaan Barang2 Keperluan Rumah Tangga dan Pribadi yang tdk Diklasifikasikan di Tempat Lain(Produktif)', '#N/A'),
('721000', 'Jasa Konsultasi Piranti Keras (Hardware Consulting) (Produktif)', 'Real Estate, Usaha Persewaan, dan Jasa Perusahaan'),
('722000', 'Jasa Konsultasi Piranti Lunak (Software Consulting) (Produktif)', 'Real Estate, Usaha Persewaan, dan Jasa Perusahaan'),
('723000', 'Pengolahan Data (Produktif)', 'Real Estate, Usaha Persewaan, dan Jasa Perusahaan'),
('724000', 'Jasa Kegiatan Data Base (Produktif)', 'Real Estate, Usaha Persewaan, dan Jasa Perusahaan'),
('725000', 'Perawatan dan Reparasi Mesin-mesin Kantor, Akuntansi, dan Komputer (Produktif)', 'Real Estate, Usaha Persewaan, dan Jasa Perusahaan'),
('729000', 'Kegiatan Lain yang Berkaitan Dengan Komputer (Produktif)', 'Real Estate, Usaha Persewaan, dan Jasa Perusahaan'),
('731000', 'Penelitian dan Pengembangan Ilmu Pengetahuan Alam dan Teknologi (Produktif)', 'Real Estate, Usaha Persewaan, dan Jasa Perusahaan'),
('732000', 'Penelitian dan Pengembangan Ilmu Pengetahuan Sosial dan Humaniora (Produktif)', 'Real Estate, Usaha Persewaan, dan Jasa Perusahaan'),
('741000', 'Jasa Hukum, Akuntansi & Pembukuan,Konsultasi Pajak/Bisnis/Manajemen,Penelitian Pasar(Produktif)', 'Real Estate, Usaha Persewaan, dan Jasa Perusahaan'),
('742000', 'Jasa Konsultasi Arsitek, Kegiatan Teknik dan Rekayasa, Serta Analisis dan Testing (Produktif)', 'Real Estate, Usaha Persewaan, dan Jasa Perusahaan'),
('743000', 'Jasa Periklanan (Produktif)', 'Real Estate, Usaha Persewaan, dan Jasa Perusahaan'),
('749000', 'Jasa Perusahaan Lainnya yang Tidak Diklasifikasikan di Tempat Lain (Produktif)', 'Real Estate, Usaha Persewaan, dan Jasa Perusahaan'),
('751000', 'Administrasi Pemerintahan, dan Kebijaksanaan Ekonomi dan Sosial (Produktif)', 'Perantara Keuangan'),
('752000', 'Hubungan Luar Negeri, Pertahanan, dan Keamanan (Produktif)', '#N/A'),
('753000', 'Jaminan Sosial Wajib (Produktif)', 'Administrasi Pemerintahan, Pertahanan dan Jaminan Sosial Wajib'),
('801000', 'Jasa Pendidikan Dasar (Produktif)', 'Jasa Pendidikan'),
('802000', 'Jasa Pendidikan Menengah (Produktif)', 'Jasa Pendidikan'),
('803000', 'Jasa Pendidikan Tinggi (Produktif)', 'Jasa Pendidikan'),
('804000', 'Jasa Pendidikan Lainnya (Produktif)', 'Jasa Pendidikan'),
('851001', 'Jasa Kesehatan Manusia  Rumah sakit (Produktif)', 'Jasa Kesehatan dan Kegiatan Sosial'),
('851002', 'Jasa Kesehatan Manusia  Poliklinik / Rumah Bersalin (Produktif)', 'Jasa Kesehatan dan Kegiatan Sosial'),
('851003', 'Jasa Kesehatan Manusia  Tempat Perawatan / Pengobatan (Produktif)', 'Jasa Kesehatan dan Kegiatan Sosial'),
('851004', 'Jasa Kesehatan Manusia  Profesi Dokter (Produktif)', 'Jasa Kesehatan dan Kegiatan Sosial'),
('852000', 'Jasa Kesehatan Hewan (Produktif)', 'Jasa Kesehatan dan Kegiatan Sosial'),
('853000', 'Jasa Kegiatan Sosial (Produktif)', 'Jasa Kesehatan dan Kegiatan Sosial'),
('900000', 'Jasa Kebersihan (Produktif)', 'Jasa Kemasyarakatan, Sosial Budaya, Hiburan dan Perorangan Lainnya'),
('910000', 'Organisasi Bisnis, Pengusaha dan Profesional (Produktif)', '#N/A'),
('912000', 'Organisasi Buruh (Produktif)', '#N/A'),
('919000', 'Organisasi Lainnya (Produktif)', 'Jasa Kemasyarakatan, Sosial Budaya, Hiburan dan Perorangan Lainnya'),
('921000', 'Kegiatan Perfilman, Radio, Televisi, dan Hiburan Lainnya (Produktif)', 'Jasa Kemasyarakatan, Sosial Budaya, Hiburan dan Perorangan Lainnya'),
('922000', 'Kegiatan Kantor Berita (Produktif)', 'Jasa Kemasyarakatan, Sosial Budaya, Hiburan dan Perorangan Lainnya'),
('923000', 'Perpustakaan, Arsip, Museum, dan Kegiatan Kebudayaan Lainnya (Produktif)', 'Jasa Kemasyarakatan, Sosial Budaya, Hiburan dan Perorangan Lainnya'),
('930000', 'Jasa Kegiatan Lainnya (Produktif)', 'Jasa Kemasyarakatan, Sosial Budaya, Hiburan dan Perorangan Lainnya'),
('950000', 'Jasa Perorangan yang Melayani Rumah Tangga (Produktif)', 'Jasa Peorangan yang Melayani Rumah Tangga'),
('990000', 'Badan Internasional dan Badan Ekstra Internasional Lainnya (Produktif)', '#N/A');

-- --------------------------------------------------------

--
-- Table structure for table `tbl_menu`
--

CREATE TABLE `tbl_menu` (
  `id` int(11) NOT NULL,
  `menu` varchar(128) NOT NULL,
  `icon` varchar(128) NOT NULL
) ENGINE=InnoDB DEFAULT CHARSET=latin1;

--
-- Dumping data for table `tbl_menu`
--

INSERT INTO `tbl_menu` (`id`, `menu`, `icon`) VALUES
(1, 'Dashboard', 'fa fa-fw fa-dashboard'),
(2, 'User Management', 'fa fa-fw fa-user'),
(3, 'Menu Management', 'fa fa-fw fa-list'),
(4, 'Access Management', 'fa fa-fw fa-key'),
(5, 'Office Management', 'fa fa-fw fa-building'),
(6, 'Nota', 'fa fa-fw fa-folder'),
(7, 'Log Activity', 'fa fa-fw fa-refresh');

--
-- Triggers `tbl_menu`
--
DELIMITER $$
CREATE TRIGGER `trigger_menu` AFTER UPDATE ON `tbl_menu` FOR EACH ROW BEGIN
UPDATE tbl_user_menu SET menu_id = NEW.id WHERE menu_id = OLD.id;
END
$$
DELIMITER ;

-- --------------------------------------------------------

--
-- Table structure for table `tbl_nasabah`
--

CREATE TABLE `tbl_nasabah` (
  `no_app` varchar(100) NOT NULL,
  `jns_app` varchar(25) NOT NULL,
  `referensi` varchar(50) NOT NULL,
  `nm_cabang` varchar(50) NOT NULL,
  `tgl_nap` date NOT NULL,
  `nm_nasabah` varchar(50) NOT NULL,
  `tgl_visit` date NOT NULL,
  `tgl_funding` date NOT NULL,
  `tgl_lending` date NOT NULL,
  `tmpt_visit` varchar(15) NOT NULL,
  `visitor` varchar(50) NOT NULL,
  `no_cif` char(15) NOT NULL,
  `nip_bbrm` char(15) NOT NULL,
  `nip_bm` char(15) NOT NULL,
  `jns_usaha` varchar(15) NOT NULL,
  `jns_nota` varchar(25) NOT NULL
) ENGINE=InnoDB DEFAULT CHARSET=latin1;

--
-- Dumping data for table `tbl_nasabah`
--

INSERT INTO `tbl_nasabah` (`no_app`, `jns_app`, `referensi`, `nm_cabang`, `tgl_nap`, `nm_nasabah`, `tgl_visit`, `tgl_funding`, `tgl_lending`, `tmpt_visit`, `visitor`, `no_cif`, `nip_bbrm`, `nip_bm`, `jns_usaha`, `jns_nota`) VALUES
('1905271321825217', 'Baru', 'Referal BSM', 'ID0010024', '2018-09-18', 'PT Bumi Rahayu Gasindo', '2018-09-17', '2015-01-06', '2015-01-06', 'Kantor', 'BBRM BBVS', '7119698426', '138813311', '087773453', 'Badan Usaha', 'Reksus');

-- --------------------------------------------------------

--
-- Table structure for table `tbl_pengurus`
--

CREATE TABLE `tbl_pengurus` (
  `id_pengurus` int(11) NOT NULL,
  `no_app` char(50) DEFAULT NULL,
  `nm_pengurus` varchar(100) NOT NULL,
  `gender` char(1) NOT NULL,
  `dob_pengurus` date NOT NULL,
  `jbtn_pengurus` varchar(50) NOT NULL,
  `sts_pengurus` varchar(50) NOT NULL,
  `pend_pengurus` varchar(50) NOT NULL,
  `npwp_pengurus` char(20) NOT NULL,
  `nom_saham` char(20) NOT NULL,
  `saham` char(20) NOT NULL
) ENGINE=InnoDB DEFAULT CHARSET=latin1;

-- --------------------------------------------------------

--
-- Table structure for table `tbl_perorangan`
--

CREATE TABLE `tbl_perorangan` (
  `no_app` varchar(100) NOT NULL,
  `no_ktp` char(20) NOT NULL,
  `nm_nasabah` varchar(50) NOT NULL,
  `nm_ibu` varchar(50) NOT NULL,
  `npwp_nasabah` char(20) NOT NULL,
  `tmpt_lahir` varchar(50) NOT NULL,
  `tgl_lahir` date NOT NULL,
  `usia` int(4) NOT NULL,
  `agama` int(1) NOT NULL,
  `tlp_nsbh` char(15) NOT NULL,
  `hp_nsbh` char(15) NOT NULL,
  `kd_pos_ktp` int(20) NOT NULL,
  `almt_ktp` text NOT NULL,
  `kd_pos_dom` int(20) NOT NULL,
  `almt_dom` text NOT NULL,
  `pend_nsbh` varchar(5) NOT NULL,
  `sts_nikah` varchar(20) NOT NULL,
  `no_kk` char(11) NOT NULL,
  `tgl_kk` date NOT NULL,
  `nsbh_bank` char(1) NOT NULL
) ENGINE=InnoDB DEFAULT CHARSET=latin1;

-- --------------------------------------------------------

--
-- Table structure for table `tbl_spouse`
--

CREATE TABLE `tbl_spouse` (
  `id` int(11) NOT NULL,
  `no_ktp` char(20) NOT NULL,
  `no_ktp_spouse` char(20) NOT NULL,
  `nm_spouse` varchar(50) NOT NULL,
  `pend_spouse` varchar(10) NOT NULL,
  `tgl_lahir_spouse` date NOT NULL,
  `tmpt_lahir_spouse` varchar(50) NOT NULL
) ENGINE=InnoDB DEFAULT CHARSET=latin1;

-- --------------------------------------------------------

--
-- Table structure for table `tbl_user`
--

CREATE TABLE `tbl_user` (
  `nip_user` varchar(11) NOT NULL,
  `nama` varchar(128) NOT NULL,
  `email` varchar(128) NOT NULL,
  `cabang` varchar(25) NOT NULL,
  `image` varchar(128) NOT NULL,
  `password` varchar(256) NOT NULL,
  `role_id` int(11) NOT NULL,
  `is_active` int(1) NOT NULL,
  `date_created` datetime NOT NULL,
  `log_on` datetime NOT NULL,
  `last_login` datetime NOT NULL
) ENGINE=InnoDB DEFAULT CHARSET=latin1;

--
-- Dumping data for table `tbl_user`
--

INSERT INTO `tbl_user` (`nip_user`, `nama`, `email`, `cabang`, `image`, `password`, `role_id`, `is_active`, `date_created`, `log_on`, `last_login`) VALUES
('078273241', 'TOHANI', 'tohani@syariahmandiri.co.id', 'ID0010002', 'default.jpg', 'aa134d9ad2fd2f677ea05c7e63323e9e', 4, 0, '2019-05-02 10:37:13', '0000-00-00 00:00:00', '0000-00-00 00:00:00'),
('129012405', 'FATMA SRI SANTRINI', 'fssantrini@syariahmandiri.co.id', 'ID0010002', 'default.jpg', 'aa134d9ad2fd2f677ea05c7e63323e9e', 3, 0, '2019-05-02 10:24:09', '2019-06-28 16:11:10', '2019-06-28 16:11:13'),
('199510500', 'Imam', 'helpdesk@syariahmandiri.co.id', 'ID0010002', 'default.jpg', 'aa134d9ad2fd2f677ea05c7e63323e9e', 2, 0, '2019-06-28 15:52:16', '2019-07-01 16:57:16', '2019-07-01 16:57:18'),
('199510502', 'Imam Maulana Ibrahim', 'admin@syariahmandiri.co.id', 'ID0010002', 'default.jpg', '202cb962ac59075b964b07152d234b70', 1, 1, '2019-04-09 00:00:00', '2019-07-01 17:24:56', '2019-07-01 17:24:30');

-- --------------------------------------------------------

--
-- Table structure for table `tbl_user_menu`
--

CREATE TABLE `tbl_user_menu` (
  `id` int(11) NOT NULL,
  `role_id` int(11) NOT NULL,
  `menu_id` int(11) NOT NULL,
  `url` varchar(128) NOT NULL,
  `active` varchar(10) NOT NULL
) ENGINE=InnoDB DEFAULT CHARSET=latin1;

--
-- Dumping data for table `tbl_user_menu`
--

INSERT INTO `tbl_user_menu` (`id`, `role_id`, `menu_id`, `url`, `active`) VALUES
(1, 1, 1, 'Admin/index', '1'),
(2, 1, 3, 'Admin/menu', '1'),
(3, 1, 2, 'Admin/user', '1'),
(4, 1, 4, 'Admin/access', '1'),
(5, 1, 7, 'Admin/log', '1'),
(8, 4, 1, 'Checker/index', '1'),
(9, 3, 1, 'Maker/index', '1'),
(10, 5, 1, 'Pemutus/index', '1'),
(11, 1, 5, 'Admin/office', '1'),
(13, 3, 6, 'Maker/nota', '1'),
(14, 6, 1, 'Reviewer/index', '1'),
(15, 2, 1, 'Admin/index', '1'),
(16, 2, 3, 'Admin/menu', '0'),
(17, 2, 2, 'Admin/user', '1'),
(18, 2, 4, 'Admin/access', '1'),
(19, 2, 7, 'Admin/log', '1'),
(20, 2, 5, 'Admin/office', '1');

-- --------------------------------------------------------

--
-- Table structure for table `tbl_user_role`
--

CREATE TABLE `tbl_user_role` (
  `id` int(11) NOT NULL,
  `role` varchar(128) NOT NULL
) ENGINE=InnoDB DEFAULT CHARSET=latin1;

--
-- Dumping data for table `tbl_user_role`
--

INSERT INTO `tbl_user_role` (`id`, `role`) VALUES
(1, 'Admin'),
(2, 'Help Desk'),
(3, 'Maker'),
(4, 'Checker'),
(5, 'Pemutus'),
(6, 'Reviewer');

--
-- Triggers `tbl_user_role`
--
DELIMITER $$
CREATE TRIGGER `trigger_role` AFTER UPDATE ON `tbl_user_role` FOR EACH ROW BEGIN
UPDATE tbl_user SET role_id = NEW.id WHERE role_id = OLD.id;
END
$$
DELIMITER ;

--
-- Indexes for dumped tables
--

--
-- Indexes for table `tbl_badan_usaha`
--
ALTER TABLE `tbl_badan_usaha`
  ADD PRIMARY KEY (`no_app`);

--
-- Indexes for table `tbl_cabang`
--
ALTER TABLE `tbl_cabang`
  ADD PRIMARY KEY (`id`),
  ADD UNIQUE KEY `kd_cabang` (`kd_cabang`);

--
-- Indexes for table `tbl_info_usaha`
--
ALTER TABLE `tbl_info_usaha`
  ADD PRIMARY KEY (`no_app`);

--
-- Indexes for table `tbl_jaringan`
--
ALTER TABLE `tbl_jaringan`
  ADD PRIMARY KEY (`id`);

--
-- Indexes for table `tbl_log`
--
ALTER TABLE `tbl_log`
  ADD PRIMARY KEY (`id_log`);

--
-- Indexes for table `tbl_lsmk`
--
ALTER TABLE `tbl_lsmk`
  ADD PRIMARY KEY (`id_kode`);

--
-- Indexes for table `tbl_menu`
--
ALTER TABLE `tbl_menu`
  ADD PRIMARY KEY (`id`);

--
-- Indexes for table `tbl_nasabah`
--
ALTER TABLE `tbl_nasabah`
  ADD PRIMARY KEY (`no_app`);

--
-- Indexes for table `tbl_pengurus`
--
ALTER TABLE `tbl_pengurus`
  ADD PRIMARY KEY (`id_pengurus`);

--
-- Indexes for table `tbl_perorangan`
--
ALTER TABLE `tbl_perorangan`
  ADD PRIMARY KEY (`no_app`),
  ADD KEY `no_ktp` (`no_ktp`);

--
-- Indexes for table `tbl_spouse`
--
ALTER TABLE `tbl_spouse`
  ADD PRIMARY KEY (`id`);

--
-- Indexes for table `tbl_user`
--
ALTER TABLE `tbl_user`
  ADD PRIMARY KEY (`nip_user`);

--
-- Indexes for table `tbl_user_menu`
--
ALTER TABLE `tbl_user_menu`
  ADD PRIMARY KEY (`id`);

--
-- Indexes for table `tbl_user_role`
--
ALTER TABLE `tbl_user_role`
  ADD PRIMARY KEY (`id`);

--
-- AUTO_INCREMENT for dumped tables
--

--
-- AUTO_INCREMENT for table `tbl_cabang`
--
ALTER TABLE `tbl_cabang`
  MODIFY `id` int(11) NOT NULL AUTO_INCREMENT, AUTO_INCREMENT=670;

--
-- AUTO_INCREMENT for table `tbl_jaringan`
--
ALTER TABLE `tbl_jaringan`
  MODIFY `id` int(11) NOT NULL AUTO_INCREMENT, AUTO_INCREMENT=8;

--
-- AUTO_INCREMENT for table `tbl_log`
--
ALTER TABLE `tbl_log`
  MODIFY `id_log` int(11) NOT NULL AUTO_INCREMENT, AUTO_INCREMENT=124;

--
-- AUTO_INCREMENT for table `tbl_menu`
--
ALTER TABLE `tbl_menu`
  MODIFY `id` int(11) NOT NULL AUTO_INCREMENT, AUTO_INCREMENT=8;

--
-- AUTO_INCREMENT for table `tbl_pengurus`
--
ALTER TABLE `tbl_pengurus`
  MODIFY `id_pengurus` int(11) NOT NULL AUTO_INCREMENT;

--
-- AUTO_INCREMENT for table `tbl_spouse`
--
ALTER TABLE `tbl_spouse`
  MODIFY `id` int(11) NOT NULL AUTO_INCREMENT;

--
-- AUTO_INCREMENT for table `tbl_user_menu`
--
ALTER TABLE `tbl_user_menu`
  MODIFY `id` int(11) NOT NULL AUTO_INCREMENT, AUTO_INCREMENT=23;

--
-- AUTO_INCREMENT for table `tbl_user_role`
--
ALTER TABLE `tbl_user_role`
  MODIFY `id` int(11) NOT NULL AUTO_INCREMENT, AUTO_INCREMENT=7;
COMMIT;

/*!40101 SET CHARACTER_SET_CLIENT=@OLD_CHARACTER_SET_CLIENT */;
/*!40101 SET CHARACTER_SET_RESULTS=@OLD_CHARACTER_SET_RESULTS */;
/*!40101 SET COLLATION_CONNECTION=@OLD_COLLATION_CONNECTION */;
